Record Length,2.50E+03,,-0.017,11.68
Sample Interval,1.00E-05,,-0.01699,11.68
Trigger Point,1.70E+03,,-0.01698,11.68
,,,-0.01697,11.68
,,,-0.01696,11.6
,,,-0.01695,11.68
Source,CH1,,-0.01694,11.68
Vertical Units,V,,-0.01693,11.68
Vertical Scale,2.00E+00,,-0.01692,11.68
Vertical Offset,-9.60E+00,,-0.01691,11.68
Horizontal Units,s,,-0.0169,11.68
Horizontal Scale,2.50E-03,,-0.01689,11.68
Pt Fmt,Y,,-0.01688,11.68
Yzero,0.00E+00,,-0.01687,11.68
Probe Atten,1.00E+00,,-0.01686,11.68
Model Number,TBS1102B-EDU,,-0.01685,11.68
Serial Number,C023028,,-0.01684,11.6
Firmware Version,FV:v4.06,,-0.01683,11.68
,,,-0.01682,11.68
,,,-0.01681,11.6
,,,-0.0168,11.68
,,,-0.01679,11.68
,,,-0.01678,11.68
,,,-0.01677,11.6
,,,-0.01676,11.68
,,,-0.01675,11.68
,,,-0.01674,11.6
,,,-0.01673,11.6
,,,-0.01672,11.6
,,,-0.01671,11.6
,,,-0.0167,11.68
,,,-0.01669,11.68
,,,-0.01668,11.6
,,,-0.01667,11.68
,,,-0.01666,11.68
,,,-0.01665,11.6
,,,-0.01664,11.68
,,,-0.01663,11.68
,,,-0.01662,11.6
,,,-0.01661,11.6
,,,-0.0166,11.6
,,,-0.01659,11.68
,,,-0.01658,11.6
,,,-0.01657,11.6
,,,-0.01656,11.6
,,,-0.01655,11.68
,,,-0.01654,11.6
,,,-0.01653,11.6
,,,-0.01652,11.68
,,,-0.01651,11.6
,,,-0.0165,11.6
,,,-0.01649,11.68
,,,-0.01648,11.68
,,,-0.01647,11.68
,,,-0.01646,11.68
,,,-0.01645,11.6
,,,-0.01644,11.68
,,,-0.01643,11.68
,,,-0.01642,11.68
,,,-0.01641,11.68
,,,-0.0164,11.68
,,,-0.01639,11.68
,,,-0.01638,11.6
,,,-0.01637,11.68
,,,-0.01636,11.6
,,,-0.01635,11.68
,,,-0.01634,11.68
,,,-0.01633,11.68
,,,-0.01632,11.6
,,,-0.01631,11.6
,,,-0.0163,11.6
,,,-0.01629,11.6
,,,-0.01628,11.6
,,,-0.01627,11.68
,,,-0.01626,11.6
,,,-0.01625,11.6
,,,-0.01624,11.6
,,,-0.01623,11.6
,,,-0.01622,11.68
,,,-0.01621,11.68
,,,-0.0162,11.68
,,,-0.01619,11.68
,,,-0.01618,11.68
,,,-0.01617,11.6
,,,-0.01616,11.6
,,,-0.01615,11.68
,,,-0.01614,11.6
,,,-0.01613,11.6
,,,-0.01612,11.6
,,,-0.01611,11.68
,,,-0.0161,11.68
,,,-0.01609,11.68
,,,-0.01608,11.68
,,,-0.01607,11.68
,,,-0.01606,11.68
,,,-0.01605,11.68
,,,-0.01604,11.68
,,,-0.01603,11.6
,,,-0.01602,11.68
,,,-0.01601,11.6
,,,-0.016,11.68
,,,-0.01599,11.68
,,,-0.01598,11.68
,,,-0.01597,11.6
,,,-0.01596,11.68
,,,-0.01595,11.68
,,,-0.01594,11.68
,,,-0.01593,11.6
,,,-0.01592,11.68
,,,-0.01591,11.6
,,,-0.0159,11.68
,,,-0.01589,11.68
,,,-0.01588,11.68
,,,-0.01587,11.6
,,,-0.01586,11.68
,,,-0.01585,11.6
,,,-0.01584,11.68
,,,-0.01583,11.68
,,,-0.01582,11.68
,,,-0.01581,11.76
,,,-0.0158,11.6
,,,-0.01579,11.68
,,,-0.01578,11.68
,,,-0.01577,11.68
,,,-0.01576,11.68
,,,-0.01575,11.68
,,,-0.01574,11.68
,,,-0.01573,11.68
,,,-0.01572,11.68
,,,-0.01571,11.68
,,,-0.0157,11.68
,,,-0.01569,11.6
,,,-0.01568,11.68
,,,-0.01567,11.68
,,,-0.01566,11.6
,,,-0.01565,11.68
,,,-0.01564,11.68
,,,-0.01563,11.76
,,,-0.01562,11.68
,,,-0.01561,11.68
,,,-0.0156,11.68
,,,-0.01559,11.68
,,,-0.01558,11.68
,,,-0.01557,11.6
,,,-0.01556,11.68
,,,-0.01555,11.68
,,,-0.01554,11.68
,,,-0.01553,11.68
,,,-0.01552,11.68
,,,-0.01551,11.68
,,,-0.0155,11.68
,,,-0.01549,11.68
,,,-0.01548,11.68
,,,-0.01547,11.68
,,,-0.01546,11.68
,,,-0.01545,11.68
,,,-0.01544,11.68
,,,-0.01543,11.68
,,,-0.01542,11.68
,,,-0.01541,11.68
,,,-0.0154,11.68
,,,-0.01539,11.68
,,,-0.01538,11.68
,,,-0.01537,11.68
,,,-0.01536,11.68
,,,-0.01535,11.68
,,,-0.01534,11.68
,,,-0.01533,11.68
,,,-0.01532,11.76
,,,-0.01531,11.68
,,,-0.0153,11.68
,,,-0.01529,11.68
,,,-0.01528,11.68
,,,-0.01527,11.68
,,,-0.01526,11.76
,,,-0.01525,11.68
,,,-0.01524,11.68
,,,-0.01523,11.68
,,,-0.01522,11.68
,,,-0.01521,11.68
,,,-0.0152,11.68
,,,-0.01519,11.68
,,,-0.01518,11.68
,,,-0.01517,11.68
,,,-0.01516,11.68
,,,-0.01515,11.68
,,,-0.01514,11.68
,,,-0.01513,11.76
,,,-0.01512,11.68
,,,-0.01511,11.68
,,,-0.0151,11.68
,,,-0.01509,11.68
,,,-0.01508,11.68
,,,-0.01507,11.68
,,,-0.01506,11.68
,,,-0.01505,11.68
,,,-0.01504,11.68
,,,-0.01503,11.68
,,,-0.01502,11.68
,,,-0.01501,11.68
,,,-0.015,11.68
,,,-0.01499,11.68
,,,-0.01498,11.68
,,,-0.01497,11.68
,,,-0.01496,11.68
,,,-0.01495,11.68
,,,-0.01494,11.6
,,,-0.01493,11.68
,,,-0.01492,11.6
,,,-0.01491,11.68
,,,-0.0149,11.68
,,,-0.01489,11.68
,,,-0.01488,11.6
,,,-0.01487,11.6
,,,-0.01486,11.6
,,,-0.01485,11.68
,,,-0.01484,11.6
,,,-0.01483,11.68
,,,-0.01482,11.6
,,,-0.01481,11.6
,,,-0.0148,11.6
,,,-0.01479,11.6
,,,-0.01478,11.6
,,,-0.01477,11.6
,,,-0.01476,11.68
,,,-0.01475,11.6
,,,-0.01474,11.6
,,,-0.01473,11.6
,,,-0.01472,11.6
,,,-0.01471,11.6
,,,-0.0147,11.6
,,,-0.01469,11.6
,,,-0.01468,11.52
,,,-0.01467,11.52
,,,-0.01466,11.6
,,,-0.01465,11.6
,,,-0.01464,11.6
,,,-0.01463,11.52
,,,-0.01462,11.6
,,,-0.01461,11.6
,,,-0.0146,11.6
,,,-0.01459,11.52
,,,-0.01458,11.6
,,,-0.01457,11.52
,,,-0.01456,11.52
,,,-0.01455,11.52
,,,-0.01454,11.6
,,,-0.01453,11.52
,,,-0.01452,11.52
,,,-0.01451,11.6
,,,-0.0145,11.6
,,,-0.01449,11.6
,,,-0.01448,11.52
,,,-0.01447,11.6
,,,-0.01446,11.52
,,,-0.01445,11.6
,,,-0.01444,11.6
,,,-0.01443,11.6
,,,-0.01442,11.6
,,,-0.01441,11.6
,,,-0.0144,11.6
,,,-0.01439,11.6
,,,-0.01438,11.6
,,,-0.01437,11.6
,,,-0.01436,11.6
,,,-0.01435,11.6
,,,-0.01434,11.6
,,,-0.01433,11.6
,,,-0.01432,11.6
,,,-0.01431,11.6
,,,-0.0143,11.6
,,,-0.01429,11.6
,,,-0.01428,11.6
,,,-0.01427,11.6
,,,-0.01426,11.6
,,,-0.01425,11.6
,,,-0.01424,11.6
,,,-0.01423,11.6
,,,-0.01422,11.68
,,,-0.01421,11.68
,,,-0.0142,11.68
,,,-0.01419,11.6
,,,-0.01418,11.6
,,,-0.01417,11.68
,,,-0.01416,11.68
,,,-0.01415,11.6
,,,-0.01414,11.68
,,,-0.01413,11.68
,,,-0.01412,11.68
,,,-0.01411,11.68
,,,-0.0141,11.68
,,,-0.01409,11.68
,,,-0.01408,11.68
,,,-0.01407,11.68
,,,-0.01406,11.76
,,,-0.01405,11.68
,,,-0.01404,11.68
,,,-0.01403,11.68
,,,-0.01402,11.68
,,,-0.01401,11.68
,,,-0.014,11.68
,,,-0.01399,11.68
,,,-0.01398,11.68
,,,-0.01397,11.68
,,,-0.01396,11.68
,,,-0.01395,11.76
,,,-0.01394,11.76
,,,-0.01393,11.76
,,,-0.01392,11.76
,,,-0.01391,11.76
,,,-0.0139,11.76
,,,-0.01389,11.76
,,,-0.01388,11.76
,,,-0.01387,11.76
,,,-0.01386,11.68
,,,-0.01385,11.76
,,,-0.01384,11.76
,,,-0.01383,11.76
,,,-0.01382,11.76
,,,-0.01381,11.76
,,,-0.0138,11.76
,,,-0.01379,11.76
,,,-0.01378,11.76
,,,-0.01377,11.76
,,,-0.01376,11.76
,,,-0.01375,11.76
,,,-0.01374,11.76
,,,-0.01373,11.76
,,,-0.01372,11.76
,,,-0.01371,11.76
,,,-0.0137,11.76
,,,-0.01369,11.76
,,,-0.01368,11.76
,,,-0.01367,11.76
,,,-0.01366,11.76
,,,-0.01365,11.76
,,,-0.01364,11.76
,,,-0.01363,11.76
,,,-0.01362,11.84
,,,-0.01361,11.76
,,,-0.0136,11.76
,,,-0.01359,11.84
,,,-0.01358,11.76
,,,-0.01357,11.76
,,,-0.01356,11.76
,,,-0.01355,11.76
,,,-0.01354,11.84
,,,-0.01353,11.76
,,,-0.01352,11.76
,,,-0.01351,11.84
,,,-0.0135,11.84
,,,-0.01349,11.76
,,,-0.01348,11.84
,,,-0.01347,11.76
,,,-0.01346,11.76
,,,-0.01345,11.84
,,,-0.01344,11.84
,,,-0.01343,11.84
,,,-0.01342,11.84
,,,-0.01341,11.84
,,,-0.0134,11.76
,,,-0.01339,11.84
,,,-0.01338,11.76
,,,-0.01337,11.76
,,,-0.01336,11.84
,,,-0.01335,11.76
,,,-0.01334,11.76
,,,-0.01333,11.84
,,,-0.01332,11.76
,,,-0.01331,11.84
,,,-0.0133,11.84
,,,-0.01329,11.84
,,,-0.01328,11.84
,,,-0.01327,11.84
,,,-0.01326,11.84
,,,-0.01325,11.84
,,,-0.01324,11.84
,,,-0.01323,11.84
,,,-0.01322,11.84
,,,-0.01321,11.84
,,,-0.0132,11.84
,,,-0.01319,11.84
,,,-0.01318,11.84
,,,-0.01317,11.84
,,,-0.01316,11.84
,,,-0.01315,11.84
,,,-0.01314,11.84
,,,-0.01313,11.84
,,,-0.01312,11.76
,,,-0.01311,11.84
,,,-0.0131,11.84
,,,-0.01309,11.76
,,,-0.01308,11.84
,,,-0.01307,11.76
,,,-0.01306,11.84
,,,-0.01305,11.84
,,,-0.01304,11.84
,,,-0.01303,11.84
,,,-0.01302,11.84
,,,-0.01301,11.84
,,,-0.013,11.84
,,,-0.01299,11.84
,,,-0.01298,11.84
,,,-0.01297,11.84
,,,-0.01296,11.84
,,,-0.01295,11.84
,,,-0.01294,11.84
,,,-0.01293,11.84
,,,-0.01292,11.84
,,,-0.01291,11.84
,,,-0.0129,11.84
,,,-0.01289,11.84
,,,-0.01288,11.84
,,,-0.01287,11.84
,,,-0.01286,11.84
,,,-0.01285,11.84
,,,-0.01284,11.84
,,,-0.01283,11.84
,,,-0.01282,11.84
,,,-0.01281,11.84
,,,-0.0128,11.84
,,,-0.01279,11.84
,,,-0.01278,11.84
,,,-0.01277,11.84
,,,-0.01276,11.84
,,,-0.01275,11.84
,,,-0.01274,11.84
,,,-0.01273,11.84
,,,-0.01272,11.84
,,,-0.01271,11.84
,,,-0.0127,11.84
,,,-0.01269,11.84
,,,-0.01268,11.76
,,,-0.01267,11.84
,,,-0.01266,11.84
,,,-0.01265,11.84
,,,-0.01264,11.84
,,,-0.01263,11.84
,,,-0.01262,11.84
,,,-0.01261,11.84
,,,-0.0126,11.84
,,,-0.01259,11.84
,,,-0.01258,11.92
,,,-0.01257,11.84
,,,-0.01256,11.92
,,,-0.01255,11.84
,,,-0.01254,11.84
,,,-0.01253,11.84
,,,-0.01252,11.84
,,,-0.01251,11.84
,,,-0.0125,11.84
,,,-0.01249,11.84
,,,-0.01248,11.84
,,,-0.01247,11.84
,,,-0.01246,11.84
,,,-0.01245,11.84
,,,-0.01244,11.84
,,,-0.01243,11.84
,,,-0.01242,11.84
,,,-0.01241,11.84
,,,-0.0124,11.84
,,,-0.01239,11.84
,,,-0.01238,11.84
,,,-0.01237,11.84
,,,-0.01236,11.84
,,,-0.01235,11.84
,,,-0.01234,11.84
,,,-0.01233,11.84
,,,-0.01232,11.84
,,,-0.01231,11.84
,,,-0.0123,11.84
,,,-0.01229,11.76
,,,-0.01228,11.84
,,,-0.01227,11.84
,,,-0.01226,11.84
,,,-0.01225,11.76
,,,-0.01224,11.84
,,,-0.01223,11.84
,,,-0.01222,11.84
,,,-0.01221,11.84
,,,-0.0122,11.76
,,,-0.01219,11.84
,,,-0.01218,11.84
,,,-0.01217,11.84
,,,-0.01216,11.84
,,,-0.01215,11.84
,,,-0.01214,11.76
,,,-0.01213,11.84
,,,-0.01212,11.84
,,,-0.01211,11.76
,,,-0.0121,11.84
,,,-0.01209,11.76
,,,-0.01208,11.84
,,,-0.01207,11.76
,,,-0.01206,11.84
,,,-0.01205,11.76
,,,-0.01204,11.76
,,,-0.01203,11.84
,,,-0.01202,11.76
,,,-0.01201,11.76
,,,-0.012,11.76
,,,-0.01199,11.76
,,,-0.01198,11.76
,,,-0.01197,11.76
,,,-0.01196,11.76
,,,-0.01195,11.76
,,,-0.01194,11.76
,,,-0.01193,11.76
,,,-0.01192,11.76
,,,-0.01191,11.76
,,,-0.0119,11.76
,,,-0.01189,11.76
,,,-0.01188,11.68
,,,-0.01187,11.68
,,,-0.01186,11.76
,,,-0.01185,11.76
,,,-0.01184,11.68
,,,-0.01183,11.68
,,,-0.01182,11.68
,,,-0.01181,11.76
,,,-0.0118,11.68
,,,-0.01179,11.68
,,,-0.01178,11.68
,,,-0.01177,11.68
,,,-0.01176,11.68
,,,-0.01175,11.68
,,,-0.01174,11.68
,,,-0.01173,11.6
,,,-0.01172,11.68
,,,-0.01171,11.6
,,,-0.0117,11.68
,,,-0.01169,11.6
,,,-0.01168,11.6
,,,-0.01167,11.6
,,,-0.01166,11.6
,,,-0.01165,11.6
,,,-0.01164,11.6
,,,-0.01163,11.6
,,,-0.01162,11.6
,,,-0.01161,11.68
,,,-0.0116,11.6
,,,-0.01159,11.6
,,,-0.01158,11.6
,,,-0.01157,11.6
,,,-0.01156,11.6
,,,-0.01155,11.6
,,,-0.01154,11.6
,,,-0.01153,11.6
,,,-0.01152,11.6
,,,-0.01151,11.52
,,,-0.0115,11.6
,,,-0.01149,11.6
,,,-0.01148,11.6
,,,-0.01147,11.6
,,,-0.01146,11.6
,,,-0.01145,11.52
,,,-0.01144,11.6
,,,-0.01143,11.6
,,,-0.01142,11.6
,,,-0.01141,11.6
,,,-0.0114,11.6
,,,-0.01139,11.52
,,,-0.01138,11.6
,,,-0.01137,11.6
,,,-0.01136,11.68
,,,-0.01135,11.6
,,,-0.01134,11.6
,,,-0.01133,11.6
,,,-0.01132,11.6
,,,-0.01131,11.68
,,,-0.0113,11.6
,,,-0.01129,11.68
,,,-0.01128,11.68
,,,-0.01127,11.68
,,,-0.01126,11.6
,,,-0.01125,11.68
,,,-0.01124,11.6
,,,-0.01123,11.68
,,,-0.01122,11.6
,,,-0.01121,11.68
,,,-0.0112,11.68
,,,-0.01119,11.68
,,,-0.01118,11.68
,,,-0.01117,11.68
,,,-0.01116,11.68
,,,-0.01115,11.76
,,,-0.01114,11.68
,,,-0.01113,11.68
,,,-0.01112,11.76
,,,-0.01111,11.68
,,,-0.0111,11.76
,,,-0.01109,11.68
,,,-0.01108,11.76
,,,-0.01107,11.76
,,,-0.01106,11.76
,,,-0.01105,11.76
,,,-0.01104,11.76
,,,-0.01103,11.76
,,,-0.01102,11.76
,,,-0.01101,11.76
,,,-0.011,11.76
,,,-0.01099,11.76
,,,-0.01098,11.76
,,,-0.01097,11.76
,,,-0.01096,11.76
,,,-0.01095,11.76
,,,-0.01094,11.76
,,,-0.01093,11.76
,,,-0.01092,11.76
,,,-0.01091,11.84
,,,-0.0109,11.76
,,,-0.01089,11.76
,,,-0.01088,11.76
,,,-0.01087,11.76
,,,-0.01086,11.84
,,,-0.01085,11.84
,,,-0.01084,11.76
,,,-0.01083,11.84
,,,-0.01082,11.84
,,,-0.01081,11.76
,,,-0.0108,11.84
,,,-0.01079,11.84
,,,-0.01078,11.76
,,,-0.01077,11.84
,,,-0.01076,11.84
,,,-0.01075,11.84
,,,-0.01074,11.84
,,,-0.01073,11.76
,,,-0.01072,11.84
,,,-0.01071,11.84
,,,-0.0107,11.84
,,,-0.01069,11.84
,,,-0.01068,11.84
,,,-0.01067,11.84
,,,-0.01066,11.84
,,,-0.01065,11.84
,,,-0.01064,11.84
,,,-0.01063,11.84
,,,-0.01062,11.84
,,,-0.01061,11.92
,,,-0.0106,11.84
,,,-0.01059,11.84
,,,-0.01058,11.84
,,,-0.01057,11.84
,,,-0.01056,11.84
,,,-0.01055,11.84
,,,-0.01054,11.84
,,,-0.01053,11.84
,,,-0.01052,11.84
,,,-0.01051,11.84
,,,-0.0105,11.84
,,,-0.01049,11.84
,,,-0.01048,11.84
,,,-0.01047,11.92
,,,-0.01046,11.84
,,,-0.01045,11.84
,,,-0.01044,11.84
,,,-0.01043,11.84
,,,-0.01042,11.84
,,,-0.01041,11.92
,,,-0.0104,11.84
,,,-0.01039,11.84
,,,-0.01038,11.84
,,,-0.01037,11.84
,,,-0.01036,11.84
,,,-0.01035,11.84
,,,-0.01034,11.84
,,,-0.01033,11.92
,,,-0.01032,11.84
,,,-0.01031,11.84
,,,-0.0103,11.84
,,,-0.01029,11.84
,,,-0.01028,11.84
,,,-0.01027,11.92
,,,-0.01026,11.84
,,,-0.01025,11.84
,,,-0.01024,11.84
,,,-0.01023,11.84
,,,-0.01022,11.92
,,,-0.01021,11.92
,,,-0.0102,11.84
,,,-0.01019,11.84
,,,-0.01018,11.84
,,,-0.01017,11.92
,,,-0.01016,11.92
,,,-0.01015,11.84
,,,-0.01014,11.92
,,,-0.01013,11.92
,,,-0.01012,11.92
,,,-0.01011,11.84
,,,-0.0101,11.92
,,,-0.01009,11.84
,,,-0.01008,11.92
,,,-0.01007,11.92
,,,-0.01006,11.84
,,,-0.01005,11.84
,,,-0.01004,11.92
,,,-0.01003,11.84
,,,-0.01002,11.84
,,,-0.01001,11.84
,,,-0.01,11.84
,,,-0.00999,11.84
,,,-0.00998,11.92
,,,-0.00997,11.84
,,,-0.00996,11.84
,,,-0.00995,11.92
,,,-0.00994,11.92
,,,-0.00993,11.84
,,,-0.00992,11.92
,,,-0.00991,11.92
,,,-0.0099,11.84
,,,-0.00989,11.92
,,,-0.00988,11.84
,,,-0.00987,11.84
,,,-0.00986,11.92
,,,-0.00985,11.84
,,,-0.00984,11.84
,,,-0.00983,11.84
,,,-0.00982,11.92
,,,-0.00981,11.92
,,,-0.0098,11.92
,,,-0.00979,11.84
,,,-0.00978,11.92
,,,-0.00977,11.92
,,,-0.00976,11.84
,,,-0.00975,11.84
,,,-0.00974,11.92
,,,-0.00973,11.92
,,,-0.00972,11.84
,,,-0.00971,11.84
,,,-0.0097,11.92
,,,-0.00969,11.84
,,,-0.00968,11.92
,,,-0.00967,11.84
,,,-0.00966,11.84
,,,-0.00965,11.84
,,,-0.00964,11.84
,,,-0.00963,11.84
,,,-0.00962,11.84
,,,-0.00961,11.84
,,,-0.0096,11.84
,,,-0.00959,11.92
,,,-0.00958,11.84
,,,-0.00957,11.84
,,,-0.00956,11.92
,,,-0.00955,11.92
,,,-0.00954,11.84
,,,-0.00953,11.92
,,,-0.00952,11.84
,,,-0.00951,11.84
,,,-0.0095,11.92
,,,-0.00949,11.84
,,,-0.00948,11.84
,,,-0.00947,11.84
,,,-0.00946,11.92
,,,-0.00945,11.84
,,,-0.00944,11.84
,,,-0.00943,11.84
,,,-0.00942,11.92
,,,-0.00941,11.84
,,,-0.0094,11.84
,,,-0.00939,11.92
,,,-0.00938,11.92
,,,-0.00937,11.84
,,,-0.00936,11.92
,,,-0.00935,11.92
,,,-0.00934,11.92
,,,-0.00933,11.92
,,,-0.00932,11.84
,,,-0.00931,11.92
,,,-0.0093,11.84
,,,-0.00929,11.84
,,,-0.00928,11.92
,,,-0.00927,11.92
,,,-0.00926,11.84
,,,-0.00925,11.92
,,,-0.00924,11.84
,,,-0.00923,11.92
,,,-0.00922,11.92
,,,-0.00921,11.92
,,,-0.0092,11.84
,,,-0.00919,11.92
,,,-0.00918,11.92
,,,-0.00917,11.84
,,,-0.00916,11.92
,,,-0.00915,11.92
,,,-0.00914,11.92
,,,-0.00913,11.92
,,,-0.00912,11.92
,,,-0.00911,11.84
,,,-0.0091,11.92
,,,-0.00909,11.92
,,,-0.00908,11.92
,,,-0.00907,11.84
,,,-0.00906,11.92
,,,-0.00905,11.92
,,,-0.00904,11.84
,,,-0.00903,11.84
,,,-0.00902,11.92
,,,-0.00901,11.84
,,,-0.009,11.92
,,,-0.00899,11.92
,,,-0.00898,11.84
,,,-0.00897,11.84
,,,-0.00896,11.92
,,,-0.00895,11.92
,,,-0.00894,11.84
,,,-0.00893,11.92
,,,-0.00892,11.92
,,,-0.00891,11.92
,,,-0.0089,11.92
,,,-0.00889,11.92
,,,-0.00888,11.92
,,,-0.00887,11.84
,,,-0.00886,11.84
,,,-0.00885,11.84
,,,-0.00884,11.84
,,,-0.00883,11.84
,,,-0.00882,11.84
,,,-0.00881,11.84
,,,-0.0088,11.84
,,,-0.00879,11.84
,,,-0.00878,11.84
,,,-0.00877,11.84
,,,-0.00876,11.76
,,,-0.00875,11.84
,,,-0.00874,11.84
,,,-0.00873,11.84
,,,-0.00872,11.76
,,,-0.00871,11.76
,,,-0.0087,11.76
,,,-0.00869,11.84
,,,-0.00868,11.76
,,,-0.00867,11.76
,,,-0.00866,11.76
,,,-0.00865,11.76
,,,-0.00864,11.68
,,,-0.00863,11.68
,,,-0.00862,11.68
,,,-0.00861,11.68
,,,-0.0086,11.68
,,,-0.00859,11.6
,,,-0.00858,11.6
,,,-0.00857,11.6
,,,-0.00856,11.6
,,,-0.00855,11.6
,,,-0.00854,11.52
,,,-0.00853,11.52
,,,-0.00852,11.52
,,,-0.00851,11.52
,,,-0.0085,11.44
,,,-0.00849,11.44
,,,-0.00848,11.44
,,,-0.00847,11.36
,,,-0.00846,11.36
,,,-0.00845,11.36
,,,-0.00844,11.28
,,,-0.00843,11.28
,,,-0.00842,11.28
,,,-0.00841,11.28
,,,-0.0084,11.2
,,,-0.00839,11.2
,,,-0.00838,11.12
,,,-0.00837,11.12
,,,-0.00836,11.12
,,,-0.00835,11.12
,,,-0.00834,11.12
,,,-0.00833,11.12
,,,-0.00832,11.12
,,,-0.00831,11.12
,,,-0.0083,11.04
,,,-0.00829,11.04
,,,-0.00828,11.04
,,,-0.00827,10.96
,,,-0.00826,10.96
,,,-0.00825,10.96
,,,-0.00824,10.96
,,,-0.00823,10.96
,,,-0.00822,10.96
,,,-0.00821,10.96
,,,-0.0082,10.96
,,,-0.00819,10.88
,,,-0.00818,10.96
,,,-0.00817,10.96
,,,-0.00816,10.88
,,,-0.00815,10.96
,,,-0.00814,10.96
,,,-0.00813,10.96
,,,-0.00812,10.88
,,,-0.00811,10.96
,,,-0.0081,10.96
,,,-0.00809,10.96
,,,-0.00808,10.96
,,,-0.00807,11.04
,,,-0.00806,10.96
,,,-0.00805,11.04
,,,-0.00804,10.96
,,,-0.00803,11.04
,,,-0.00802,11.04
,,,-0.00801,11.04
,,,-0.008,11.12
,,,-0.00799,11.12
,,,-0.00798,11.04
,,,-0.00797,11.12
,,,-0.00796,11.12
,,,-0.00795,11.2
,,,-0.00794,11.2
,,,-0.00793,11.2
,,,-0.00792,11.28
,,,-0.00791,11.2
,,,-0.0079,11.2
,,,-0.00789,11.28
,,,-0.00788,11.28
,,,-0.00787,11.28
,,,-0.00786,11.36
,,,-0.00785,11.36
,,,-0.00784,11.36
,,,-0.00783,11.36
,,,-0.00782,11.44
,,,-0.00781,11.44
,,,-0.0078,11.44
,,,-0.00779,11.44
,,,-0.00778,11.44
,,,-0.00777,11.52
,,,-0.00776,11.52
,,,-0.00775,11.52
,,,-0.00774,11.52
,,,-0.00773,11.6
,,,-0.00772,11.6
,,,-0.00771,11.6
,,,-0.0077,11.6
,,,-0.00769,11.6
,,,-0.00768,11.6
,,,-0.00767,11.76
,,,-0.00766,11.68
,,,-0.00765,11.68
,,,-0.00764,11.68
,,,-0.00763,11.68
,,,-0.00762,11.68
,,,-0.00761,11.76
,,,-0.0076,11.76
,,,-0.00759,11.76
,,,-0.00758,11.76
,,,-0.00757,11.76
,,,-0.00756,11.76
,,,-0.00755,11.84
,,,-0.00754,11.76
,,,-0.00753,11.84
,,,-0.00752,11.84
,,,-0.00751,11.84
,,,-0.0075,11.84
,,,-0.00749,11.84
,,,-0.00748,11.84
,,,-0.00747,11.92
,,,-0.00746,11.84
,,,-0.00745,11.84
,,,-0.00744,11.84
,,,-0.00743,11.84
,,,-0.00742,11.92
,,,-0.00741,11.92
,,,-0.0074,11.84
,,,-0.00739,11.84
,,,-0.00738,11.92
,,,-0.00737,11.92
,,,-0.00736,11.84
,,,-0.00735,11.92
,,,-0.00734,11.92
,,,-0.00733,11.92
,,,-0.00732,11.92
,,,-0.00731,11.92
,,,-0.0073,11.84
,,,-0.00729,11.92
,,,-0.00728,11.92
,,,-0.00727,11.92
,,,-0.00726,11.92
,,,-0.00725,11.84
,,,-0.00724,11.84
,,,-0.00723,11.92
,,,-0.00722,11.92
,,,-0.00721,11.92
,,,-0.0072,11.92
,,,-0.00719,11.92
,,,-0.00718,11.92
,,,-0.00717,11.92
,,,-0.00716,11.92
,,,-0.00715,11.84
,,,-0.00714,11.84
,,,-0.00713,11.92
,,,-0.00712,11.92
,,,-0.00711,11.84
,,,-0.0071,11.92
,,,-0.00709,11.92
,,,-0.00708,11.92
,,,-0.00707,11.92
,,,-0.00706,11.92
,,,-0.00705,11.92
,,,-0.00704,11.92
,,,-0.00703,11.92
,,,-0.00702,11.92
,,,-0.00701,11.92
,,,-0.007,11.92
,,,-0.00699,11.92
,,,-0.00698,11.84
,,,-0.00697,11.92
,,,-0.00696,11.92
,,,-0.00695,11.92
,,,-0.00694,12
,,,-0.00693,11.92
,,,-0.00692,11.92
,,,-0.00691,11.92
,,,-0.0069,11.84
,,,-0.00689,11.92
,,,-0.00688,11.92
,,,-0.00687,11.92
,,,-0.00686,11.92
,,,-0.00685,11.92
,,,-0.00684,11.92
,,,-0.00683,11.92
,,,-0.00682,11.92
,,,-0.00681,11.92
,,,-0.0068,11.92
,,,-0.00679,11.92
,,,-0.00678,11.92
,,,-0.00677,11.92
,,,-0.00676,11.92
,,,-0.00675,11.92
,,,-0.00674,11.92
,,,-0.00673,11.92
,,,-0.00672,11.92
,,,-0.00671,11.84
,,,-0.0067,11.92
,,,-0.00669,11.92
,,,-0.00668,11.92
,,,-0.00667,11.92
,,,-0.00666,11.92
,,,-0.00665,11.92
,,,-0.00664,11.92
,,,-0.00663,11.84
,,,-0.00662,12
,,,-0.00661,11.92
,,,-0.0066,11.92
,,,-0.00659,11.92
,,,-0.00658,11.92
,,,-0.00657,11.92
,,,-0.00656,11.92
,,,-0.00655,11.92
,,,-0.00654,11.92
,,,-0.00653,11.92
,,,-0.00652,11.92
,,,-0.00651,11.92
,,,-0.0065,11.92
,,,-0.00649,11.92
,,,-0.00648,11.92
,,,-0.00647,11.92
,,,-0.00646,11.92
,,,-0.00645,11.92
,,,-0.00644,11.92
,,,-0.00643,11.92
,,,-0.00642,11.84
,,,-0.00641,11.84
,,,-0.0064,11.92
,,,-0.00639,11.92
,,,-0.00638,11.92
,,,-0.00637,11.84
,,,-0.00636,11.84
,,,-0.00635,11.92
,,,-0.00634,11.92
,,,-0.00633,11.92
,,,-0.00632,11.92
,,,-0.00631,11.92
,,,-0.0063,11.92
,,,-0.00629,11.92
,,,-0.00628,11.92
,,,-0.00627,11.92
,,,-0.00626,11.92
,,,-0.00625,11.92
,,,-0.00624,11.92
,,,-0.00623,11.92
,,,-0.00622,11.92
,,,-0.00621,11.92
,,,-0.0062,11.92
,,,-0.00619,11.92
,,,-0.00618,11.92
,,,-0.00617,11.92
,,,-0.00616,11.92
,,,-0.00615,11.92
,,,-0.00614,11.92
,,,-0.00613,11.84
,,,-0.00612,11.92
,,,-0.00611,11.92
,,,-0.0061,11.92
,,,-0.00609,11.92
,,,-0.00608,11.92
,,,-0.00607,11.92
,,,-0.00606,11.92
,,,-0.00605,11.92
,,,-0.00604,11.92
,,,-0.00603,11.92
,,,-0.00602,11.92
,,,-0.00601,11.92
,,,-0.006,11.92
,,,-0.00599,11.92
,,,-0.00598,11.92
,,,-0.00597,11.92
,,,-0.00596,11.92
,,,-0.00595,11.92
,,,-0.00594,11.92
,,,-0.00593,11.92
,,,-0.00592,11.92
,,,-0.00591,11.92
,,,-0.0059,11.92
,,,-0.00589,11.92
,,,-0.00588,11.92
,,,-0.00587,11.92
,,,-0.00586,11.92
,,,-0.00585,11.92
,,,-0.00584,11.92
,,,-0.00583,11.92
,,,-0.00582,11.92
,,,-0.00581,11.92
,,,-0.0058,11.92
,,,-0.00579,11.92
,,,-0.00578,11.92
,,,-0.00577,11.92
,,,-0.00576,11.92
,,,-0.00575,11.92
,,,-0.00574,11.92
,,,-0.00573,11.92
,,,-0.00572,11.92
,,,-0.00571,11.92
,,,-0.0057,11.92
,,,-0.00569,11.92
,,,-0.00568,11.92
,,,-0.00567,11.92
,,,-0.00566,11.92
,,,-0.00565,11.92
,,,-0.00564,11.84
,,,-0.00563,11.92
,,,-0.00562,11.84
,,,-0.00561,11.92
,,,-0.0056,11.92
,,,-0.00559,11.92
,,,-0.00558,11.92
,,,-0.00557,11.92
,,,-0.00556,11.92
,,,-0.00555,11.92
,,,-0.00554,11.92
,,,-0.00553,11.92
,,,-0.00552,11.92
,,,-0.00551,11.92
,,,-0.0055,11.92
,,,-0.00549,11.92
,,,-0.00548,11.92
,,,-0.00547,11.92
,,,-0.00546,11.92
,,,-0.00545,11.92
,,,-0.00544,11.92
,,,-0.00543,11.92
,,,-0.00542,11.84
,,,-0.00541,11.92
,,,-0.0054,11.92
,,,-0.00539,11.92
,,,-0.00538,11.92
,,,-0.00537,11.92
,,,-0.00536,11.92
,,,-0.00535,11.92
,,,-0.00534,11.92
,,,-0.00533,11.92
,,,-0.00532,11.92
,,,-0.00531,11.92
,,,-0.0053,11.84
,,,-0.00529,11.92
,,,-0.00528,11.84
,,,-0.00527,11.84
,,,-0.00526,11.92
,,,-0.00525,11.92
,,,-0.00524,11.92
,,,-0.00523,11.84
,,,-0.00522,11.92
,,,-0.00521,11.92
,,,-0.0052,11.84
,,,-0.00519,11.92
,,,-0.00518,11.92
,,,-0.00517,11.84
,,,-0.00516,11.84
,,,-0.00515,11.84
,,,-0.00514,11.84
,,,-0.00513,11.84
,,,-0.00512,11.84
,,,-0.00511,11.84
,,,-0.0051,11.84
,,,-0.00509,11.76
,,,-0.00508,11.76
,,,-0.00507,11.76
,,,-0.00506,11.68
,,,-0.00505,11.68
,,,-0.00504,11.6
,,,-0.00503,11.6
,,,-0.00502,11.6
,,,-0.00501,11.52
,,,-0.005,11.44
,,,-0.00499,11.44
,,,-0.00498,11.44
,,,-0.00497,11.36
,,,-0.00496,11.28
,,,-0.00495,11.28
,,,-0.00494,11.2
,,,-0.00493,11.12
,,,-0.00492,11.04
,,,-0.00491,10.96
,,,-0.0049,10.88
,,,-0.00489,10.88
,,,-0.00488,10.72
,,,-0.00487,10.72
,,,-0.00486,10.64
,,,-0.00485,10.56
,,,-0.00484,10.4
,,,-0.00483,10.4
,,,-0.00482,10.24
,,,-0.00481,10.24
,,,-0.0048,10.16
,,,-0.00479,10.08
,,,-0.00478,10
,,,-0.00477,9.92
,,,-0.00476,9.84
,,,-0.00475,9.68
,,,-0.00474,9.68
,,,-0.00473,9.6
,,,-0.00472,9.52
,,,-0.00471,9.44
,,,-0.0047,9.36
,,,-0.00469,9.28
,,,-0.00468,9.28
,,,-0.00467,9.12
,,,-0.00466,9.2
,,,-0.00465,9.12
,,,-0.00464,9.04
,,,-0.00463,9.04
,,,-0.00462,8.96
,,,-0.00461,8.88
,,,-0.0046,8.8
,,,-0.00459,8.8
,,,-0.00458,8.8
,,,-0.00457,8.72
,,,-0.00456,8.64
,,,-0.00455,8.64
,,,-0.00454,8.64
,,,-0.00453,8.64
,,,-0.00452,8.64
,,,-0.00451,8.56
,,,-0.0045,8.56
,,,-0.00449,8.56
,,,-0.00448,8.64
,,,-0.00447,8.56
,,,-0.00446,8.64
,,,-0.00445,8.64
,,,-0.00444,8.56
,,,-0.00443,8.64
,,,-0.00442,8.64
,,,-0.00441,8.64
,,,-0.0044,8.64
,,,-0.00439,8.64
,,,-0.00438,8.72
,,,-0.00437,8.8
,,,-0.00436,8.8
,,,-0.00435,8.88
,,,-0.00434,8.88
,,,-0.00433,8.88
,,,-0.00432,8.96
,,,-0.00431,8.96
,,,-0.0043,9.04
,,,-0.00429,9.12
,,,-0.00428,9.2
,,,-0.00427,9.2
,,,-0.00426,9.28
,,,-0.00425,9.36
,,,-0.00424,9.44
,,,-0.00423,9.44
,,,-0.00422,9.52
,,,-0.00421,9.6
,,,-0.0042,9.68
,,,-0.00419,9.76
,,,-0.00418,9.76
,,,-0.00417,9.84
,,,-0.00416,9.92
,,,-0.00415,9.92
,,,-0.00414,10.08
,,,-0.00413,10.08
,,,-0.00412,10.16
,,,-0.00411,10.16
,,,-0.0041,10.32
,,,-0.00409,10.32
,,,-0.00408,10.48
,,,-0.00407,10.48
,,,-0.00406,10.48
,,,-0.00405,10.56
,,,-0.00404,10.64
,,,-0.00403,10.72
,,,-0.00402,10.72
,,,-0.00401,10.8
,,,-0.004,10.8
,,,-0.00399,10.88
,,,-0.00398,10.96
,,,-0.00397,10.96
,,,-0.00396,11.04
,,,-0.00395,11.04
,,,-0.00394,11.12
,,,-0.00393,11.12
,,,-0.00392,11.2
,,,-0.00391,11.2
,,,-0.0039,11.2
,,,-0.00389,11.28
,,,-0.00388,11.36
,,,-0.00387,11.36
,,,-0.00386,11.36
,,,-0.00385,11.36
,,,-0.00384,11.44
,,,-0.00383,11.44
,,,-0.00382,11.52
,,,-0.00381,11.52
,,,-0.0038,11.52
,,,-0.00379,11.52
,,,-0.00378,11.52
,,,-0.00377,11.52
,,,-0.00376,11.6
,,,-0.00375,11.6
,,,-0.00374,11.6
,,,-0.00373,11.68
,,,-0.00372,11.6
,,,-0.00371,11.68
,,,-0.0037,11.68
,,,-0.00369,11.6
,,,-0.00368,11.68
,,,-0.00367,11.68
,,,-0.00366,11.68
,,,-0.00365,11.68
,,,-0.00364,11.68
,,,-0.00363,11.68
,,,-0.00362,11.6
,,,-0.00361,11.68
,,,-0.0036,11.68
,,,-0.00359,11.68
,,,-0.00358,11.6
,,,-0.00357,11.6
,,,-0.00356,11.68
,,,-0.00355,11.6
,,,-0.00354,11.6
,,,-0.00353,11.6
,,,-0.00352,11.52
,,,-0.00351,11.52
,,,-0.0035,11.52
,,,-0.00349,11.52
,,,-0.00348,11.52
,,,-0.00347,11.52
,,,-0.00346,11.52
,,,-0.00345,11.44
,,,-0.00344,11.44
,,,-0.00343,11.44
,,,-0.00342,11.44
,,,-0.00341,11.44
,,,-0.0034,11.36
,,,-0.00339,11.36
,,,-0.00338,11.28
,,,-0.00337,11.28
,,,-0.00336,11.28
,,,-0.00335,11.2
,,,-0.00334,11.28
,,,-0.00333,11.2
,,,-0.00332,11.2
,,,-0.00331,11.2
,,,-0.0033,11.12
,,,-0.00329,11.12
,,,-0.00328,11.12
,,,-0.00327,11.04
,,,-0.00326,11.04
,,,-0.00325,11.04
,,,-0.00324,10.96
,,,-0.00323,10.96
,,,-0.00322,10.96
,,,-0.00321,10.96
,,,-0.0032,10.88
,,,-0.00319,10.88
,,,-0.00318,10.88
,,,-0.00317,10.88
,,,-0.00316,10.88
,,,-0.00315,10.8
,,,-0.00314,10.8
,,,-0.00313,10.8
,,,-0.00312,10.8
,,,-0.00311,10.8
,,,-0.0031,10.8
,,,-0.00309,10.8
,,,-0.00308,10.8
,,,-0.00307,10.8
,,,-0.00306,10.8
,,,-0.00305,10.8
,,,-0.00304,10.88
,,,-0.00303,10.8
,,,-0.00302,10.8
,,,-0.00301,10.8
,,,-0.003,10.8
,,,-0.00299,10.88
,,,-0.00298,10.88
,,,-0.00297,10.88
,,,-0.00296,10.88
,,,-0.00295,10.88
,,,-0.00294,10.88
,,,-0.00293,10.88
,,,-0.00292,10.88
,,,-0.00291,10.96
,,,-0.0029,10.96
,,,-0.00289,10.96
,,,-0.00288,11.04
,,,-0.00287,11.04
,,,-0.00286,11.04
,,,-0.00285,11.12
,,,-0.00284,11.04
,,,-0.00283,11.12
,,,-0.00282,11.12
,,,-0.00281,11.12
,,,-0.0028,11.2
,,,-0.00279,11.2
,,,-0.00278,11.2
,,,-0.00277,11.2
,,,-0.00276,11.28
,,,-0.00275,11.36
,,,-0.00274,11.28
,,,-0.00273,11.28
,,,-0.00272,11.36
,,,-0.00271,11.36
,,,-0.0027,11.36
,,,-0.00269,11.36
,,,-0.00268,11.52
,,,-0.00267,11.44
,,,-0.00266,11.52
,,,-0.00265,11.52
,,,-0.00264,11.52
,,,-0.00263,11.52
,,,-0.00262,11.52
,,,-0.00261,11.6
,,,-0.0026,11.6
,,,-0.00259,11.68
,,,-0.00258,11.68
,,,-0.00257,11.68
,,,-0.00256,11.68
,,,-0.00255,11.76
,,,-0.00254,11.76
,,,-0.00253,11.68
,,,-0.00252,11.76
,,,-0.00251,11.76
,,,-0.0025,11.76
,,,-0.00249,11.76
,,,-0.00248,11.76
,,,-0.00247,11.76
,,,-0.00246,11.84
,,,-0.00245,11.84
,,,-0.00244,11.84
,,,-0.00243,11.84
,,,-0.00242,11.84
,,,-0.00241,11.92
,,,-0.0024,11.92
,,,-0.00239,11.84
,,,-0.00238,11.84
,,,-0.00237,11.92
,,,-0.00236,11.92
,,,-0.00235,11.84
,,,-0.00234,11.92
,,,-0.00233,11.92
,,,-0.00232,11.92
,,,-0.00231,11.92
,,,-0.0023,11.92
,,,-0.00229,11.84
,,,-0.00228,11.92
,,,-0.00227,11.84
,,,-0.00226,11.92
,,,-0.00225,11.92
,,,-0.00224,11.92
,,,-0.00223,11.92
,,,-0.00222,11.92
,,,-0.00221,11.84
,,,-0.0022,11.92
,,,-0.00219,11.92
,,,-0.00218,11.92
,,,-0.00217,11.92
,,,-0.00216,11.92
,,,-0.00215,11.92
,,,-0.00214,11.92
,,,-0.00213,11.92
,,,-0.00212,11.92
,,,-0.00211,11.84
,,,-0.0021,11.84
,,,-0.00209,11.92
,,,-0.00208,11.92
,,,-0.00207,11.92
,,,-0.00206,11.92
,,,-0.00205,11.92
,,,-0.00204,11.92
,,,-0.00203,11.84
,,,-0.00202,11.92
,,,-0.00201,11.92
,,,-0.002,11.92
,,,-0.00199,11.92
,,,-0.00198,11.92
,,,-0.00197,11.92
,,,-0.00196,11.92
,,,-0.00195,11.84
,,,-0.00194,11.92
,,,-0.00193,11.92
,,,-0.00192,11.92
,,,-0.00191,11.92
,,,-0.0019,12
,,,-0.00189,11.92
,,,-0.00188,12
,,,-0.00187,11.92
,,,-0.00186,11.92
,,,-0.00185,11.92
,,,-0.00184,11.92
,,,-0.00183,11.92
,,,-0.00182,11.92
,,,-0.00181,11.92
,,,-0.0018,11.92
,,,-0.00179,12
,,,-0.00178,11.92
,,,-0.00177,11.92
,,,-0.00176,11.92
,,,-0.00175,11.92
,,,-0.00174,11.92
,,,-0.00173,11.92
,,,-0.00172,11.92
,,,-0.00171,11.92
,,,-0.0017,11.92
,,,-0.00169,12
,,,-0.00168,11.92
,,,-0.00167,11.92
,,,-0.00166,11.92
,,,-0.00165,11.92
,,,-0.00164,11.92
,,,-0.00163,11.92
,,,-0.00162,11.92
,,,-0.00161,11.92
,,,-0.0016,11.92
,,,-0.00159,11.92
,,,-0.00158,11.92
,,,-0.00157,11.92
,,,-0.00156,11.92
,,,-0.00155,11.92
,,,-0.00154,11.92
,,,-0.00153,11.92
,,,-0.00152,11.92
,,,-0.00151,12
,,,-0.0015,11.92
,,,-0.00149,11.92
,,,-0.00148,11.92
,,,-0.00147,11.92
,,,-0.00146,11.92
,,,-0.00145,11.92
,,,-0.00144,11.92
,,,-0.00143,11.92
,,,-0.00142,11.92
,,,-0.00141,11.92
,,,-0.0014,11.92
,,,-0.00139,11.92
,,,-0.00138,11.92
,,,-0.00137,11.92
,,,-0.00136,11.92
,,,-0.00135,11.92
,,,-0.00134,11.92
,,,-0.00133,11.84
,,,-0.00132,11.92
,,,-0.00131,11.92
,,,-0.0013,11.92
,,,-0.00129,11.92
,,,-0.00128,11.92
,,,-0.00127,11.92
,,,-0.00126,11.92
,,,-0.00125,11.92
,,,-0.00124,11.92
,,,-0.00123,12
,,,-0.00122,11.92
,,,-0.00121,11.92
,,,-0.0012,11.84
,,,-0.00119,11.92
,,,-0.00118,11.92
,,,-0.00117,11.92
,,,-0.00116,11.92
,,,-0.00115,11.92
,,,-0.00114,11.92
,,,-0.00113,11.92
,,,-0.00112,11.84
,,,-0.00111,11.92
,,,-0.0011,12
,,,-0.00109,11.92
,,,-0.00108,11.92
,,,-0.00107,11.92
,,,-0.00106,11.92
,,,-0.00105,11.92
,,,-0.00104,11.92
,,,-0.00103,11.92
,,,-0.00102,11.92
,,,-0.00101,11.92
,,,-0.001,11.92
,,,-0.00099,11.92
,,,-0.00098,11.92
,,,-0.00097,11.92
,,,-0.00096,11.92
,,,-0.00095,11.92
,,,-0.00094,11.92
,,,-0.00093,11.92
,,,-0.00092,11.92
,,,-0.00091,11.92
,,,-0.0009,11.92
,,,-0.00089,11.92
,,,-0.00088,11.92
,,,-0.00087,11.92
,,,-0.00086,11.92
,,,-0.00085,11.92
,,,-0.00084,11.92
,,,-0.00083,11.92
,,,-0.00082,11.92
,,,-0.00081,11.92
,,,-0.0008,11.92
,,,-0.00079,11.92
,,,-0.00078,11.92
,,,-0.00077,11.92
,,,-0.00076,11.92
,,,-0.00075,11.92
,,,-0.00074,11.92
,,,-0.00073,11.84
,,,-0.00072,11.92
,,,-0.00071,11.92
,,,-0.0007,11.92
,,,-0.00069,12
,,,-0.00068,11.92
,,,-0.00067,11.92
,,,-0.00066,11.92
,,,-0.00065,11.92
,,,-0.00064,11.92
,,,-0.00063,11.92
,,,-0.00062,11.92
,,,-0.00061,11.92
,,,-0.0006,11.92
,,,-0.00059,11.92
,,,-0.00058,11.92
,,,-0.00057,11.92
,,,-0.00056,11.92
,,,-0.00055,11.92
,,,-0.00054,11.92
,,,-0.00053,11.92
,,,-0.00052,11.92
,,,-0.00051,11.92
,,,-0.0005,11.92
,,,-0.00049,11.92
,,,-0.00048,11.92
,,,-0.00047,11.92
,,,-0.00046,11.92
,,,-0.00045,11.92
,,,-0.00044,11.92
,,,-0.00043,11.92
,,,-0.00042,11.84
,,,-0.00041,11.92
,,,-0.0004,11.92
,,,-0.00039,11.92
,,,-0.00038,11.92
,,,-0.00037,11.92
,,,-0.00036,11.92
,,,-0.00035,11.84
,,,-0.00034,11.92
,,,-0.00033,11.92
,,,-0.00032,11.92
,,,-0.00031,11.92
,,,-0.0003,11.92
,,,-0.00029,11.92
,,,-0.00028,11.92
,,,-0.00027,11.92
,,,-0.00026,11.92
,,,-0.00025,11.92
,,,-0.00024,11.92
,,,-0.00023,11.92
,,,-0.00022,11.92
,,,-0.00021,11.92
,,,-0.0002,11.92
,,,-0.00019,11.92
,,,-0.00018,11.92
,,,-0.00017,11.92
,,,-0.00016,11.92
,,,-0.00015,11.92
,,,-0.00014,11.92
,,,-0.00013,11.92
,,,-0.00012,11.92
,,,-0.00011,11.92
,,,-0.0001,11.84
,,,-0.00009,11.92
,,,-0.00008,11.92
,,,-0.00007,11.84
,,,-0.00006,11.92
,,,-0.00005,11.92
,,,-0.00004,11.92
,,,-0.00003,11.92
,,,-0.00002,11.92
,,,-0.00001,11.92
,,,0,11.92
,,,0.00001,11.84
,,,0.00002,11.92
,,,0.00003,11.92
,,,0.00004,11.92
,,,0.00005,11.92
,,,0.00006,11.84
,,,0.00007,11.84
,,,0.00008,11.84
,,,0.00009,11.92
,,,0.0001,11.92
,,,0.00011,11.92
,,,0.00012,11.84
,,,0.00013,11.92
,,,0.00014,11.92
,,,0.00015,11.92
,,,0.00016,11.92
,,,0.00017,11.92
,,,0.00018,11.92
,,,0.00019,11.84
,,,0.0002,11.92
,,,0.00021,11.84
,,,0.00022,11.92
,,,0.00023,11.92
,,,0.00024,11.92
,,,0.00025,11.92
,,,0.00026,11.92
,,,0.00027,11.92
,,,0.00028,11.92
,,,0.00029,11.92
,,,0.0003,11.92
,,,0.00031,11.92
,,,0.00032,11.92
,,,0.00033,11.92
,,,0.00034,11.92
,,,0.00035,11.92
,,,0.00036,11.92
,,,0.00037,11.84
,,,0.00038,11.92
,,,0.00039,11.84
,,,0.0004,11.92
,,,0.00041,11.92
,,,0.00042,11.92
,,,0.00043,11.92
,,,0.00044,11.92
,,,0.00045,11.92
,,,0.00046,11.92
,,,0.00047,11.92
,,,0.00048,11.92
,,,0.00049,11.84
,,,0.0005,11.92
,,,0.00051,11.92
,,,0.00052,11.92
,,,0.00053,11.92
,,,0.00054,11.92
,,,0.00055,11.92
,,,0.00056,11.92
,,,0.00057,11.84
,,,0.00058,11.92
,,,0.00059,11.92
,,,0.0006,11.92
,,,0.00061,11.92
,,,0.00062,11.92
,,,0.00063,11.92
,,,0.00064,11.92
,,,0.00065,11.92
,,,0.00066,11.92
,,,0.00067,11.92
,,,0.00068,11.84
,,,0.00069,11.92
,,,0.0007,11.92
,,,0.00071,11.84
,,,0.00072,11.92
,,,0.00073,11.84
,,,0.00074,11.92
,,,0.00075,11.92
,,,0.00076,11.84
,,,0.00077,11.84
,,,0.00078,11.92
,,,0.00079,11.92
,,,0.0008,11.84
,,,0.00081,11.92
,,,0.00082,11.92
,,,0.00083,11.92
,,,0.00084,11.92
,,,0.00085,11.92
,,,0.00086,11.92
,,,0.00087,11.92
,,,0.00088,11.84
,,,0.00089,11.92
,,,0.0009,11.84
,,,0.00091,11.92
,,,0.00092,11.92
,,,0.00093,11.84
,,,0.00094,11.84
,,,0.00095,11.92
,,,0.00096,11.92
,,,0.00097,11.92
,,,0.00098,11.92
,,,0.00099,11.92
,,,0.001,11.92
,,,0.00101,11.92
,,,0.00102,11.92
,,,0.00103,11.92
,,,0.00104,11.92
,,,0.00105,11.92
,,,0.00106,11.92
,,,0.00107,11.92
,,,0.00108,11.92
,,,0.00109,11.92
,,,0.0011,11.92
,,,0.00111,11.92
,,,0.00112,11.92
,,,0.00113,11.92
,,,0.00114,11.92
,,,0.00115,11.92
,,,0.00116,11.92
,,,0.00117,11.92
,,,0.00118,11.92
,,,0.00119,11.92
,,,0.0012,11.92
,,,0.00121,11.92
,,,0.00122,11.92
,,,0.00123,11.92
,,,0.00124,11.92
,,,0.00125,11.92
,,,0.00126,11.92
,,,0.00127,11.92
,,,0.00128,11.92
,,,0.00129,11.92
,,,0.0013,11.92
,,,0.00131,11.92
,,,0.00132,11.84
,,,0.00133,11.92
,,,0.00134,11.92
,,,0.00135,11.92
,,,0.00136,11.92
,,,0.00137,11.92
,,,0.00138,11.92
,,,0.00139,11.92
,,,0.0014,11.92
,,,0.00141,11.92
,,,0.00142,11.92
,,,0.00143,11.92
,,,0.00144,11.92
,,,0.00145,11.92
,,,0.00146,11.92
,,,0.00147,11.92
,,,0.00148,11.92
,,,0.00149,11.92
,,,0.0015,11.92
,,,0.00151,11.92
,,,0.00152,11.92
,,,0.00153,11.92
,,,0.00154,11.92
,,,0.00155,11.92
,,,0.00156,11.92
,,,0.00157,11.92
,,,0.00158,11.92
,,,0.00159,11.92
,,,0.0016,11.92
,,,0.00161,11.92
,,,0.00162,11.92
,,,0.00163,11.84
,,,0.00164,11.92
,,,0.00165,11.92
,,,0.00166,11.92
,,,0.00167,11.92
,,,0.00168,11.92
,,,0.00169,11.92
,,,0.0017,11.92
,,,0.00171,11.84
,,,0.00172,11.92
,,,0.00173,11.92
,,,0.00174,11.92
,,,0.00175,11.92
,,,0.00176,11.92
,,,0.00177,11.92
,,,0.00178,11.84
,,,0.00179,11.92
,,,0.0018,11.92
,,,0.00181,11.84
,,,0.00182,11.92
,,,0.00183,11.92
,,,0.00184,11.92
,,,0.00185,11.92
,,,0.00186,11.92
,,,0.00187,11.92
,,,0.00188,11.92
,,,0.00189,11.92
,,,0.0019,11.92
,,,0.00191,11.92
,,,0.00192,11.92
,,,0.00193,11.92
,,,0.00194,11.92
,,,0.00195,11.92
,,,0.00196,11.92
,,,0.00197,11.92
,,,0.00198,11.92
,,,0.00199,11.84
,,,0.002,11.92
,,,0.00201,11.92
,,,0.00202,11.92
,,,0.00203,11.92
,,,0.00204,11.92
,,,0.00205,11.92
,,,0.00206,11.92
,,,0.00207,11.92
,,,0.00208,11.92
,,,0.00209,11.92
,,,0.0021,11.92
,,,0.00211,11.84
,,,0.00212,11.92
,,,0.00213,11.92
,,,0.00214,11.92
,,,0.00215,11.92
,,,0.00216,11.92
,,,0.00217,11.92
,,,0.00218,11.92
,,,0.00219,11.92
,,,0.0022,11.84
,,,0.00221,11.92
,,,0.00222,11.84
,,,0.00223,11.92
,,,0.00224,11.92
,,,0.00225,11.92
,,,0.00226,11.92
,,,0.00227,11.92
,,,0.00228,11.84
,,,0.00229,11.92
,,,0.0023,11.92
,,,0.00231,11.92
,,,0.00232,11.92
,,,0.00233,11.92
,,,0.00234,11.92
,,,0.00235,11.92
,,,0.00236,11.84
,,,0.00237,11.92
,,,0.00238,11.92
,,,0.00239,11.92
,,,0.0024,11.92
,,,0.00241,11.92
,,,0.00242,11.92
,,,0.00243,11.84
,,,0.00244,11.92
,,,0.00245,11.92
,,,0.00246,11.92
,,,0.00247,11.92
,,,0.00248,11.92
,,,0.00249,11.92
,,,0.0025,11.84
,,,0.00251,11.84
,,,0.00252,11.92
,,,0.00253,11.92
,,,0.00254,11.92
,,,0.00255,11.92
,,,0.00256,11.92
,,,0.00257,11.92
,,,0.00258,11.92
,,,0.00259,11.84
,,,0.0026,11.92
,,,0.00261,11.92
,,,0.00262,11.92
,,,0.00263,11.92
,,,0.00264,11.84
,,,0.00265,11.92
,,,0.00266,11.92
,,,0.00267,11.92
,,,0.00268,11.92
,,,0.00269,11.84
,,,0.0027,11.92
,,,0.00271,11.92
,,,0.00272,11.92
,,,0.00273,11.92
,,,0.00274,11.92
,,,0.00275,11.92
,,,0.00276,11.84
,,,0.00277,11.92
,,,0.00278,11.92
,,,0.00279,11.92
,,,0.0028,11.92
,,,0.00281,11.92
,,,0.00282,11.92
,,,0.00283,11.92
,,,0.00284,11.92
,,,0.00285,11.84
,,,0.00286,11.92
,,,0.00287,11.92
,,,0.00288,11.84
,,,0.00289,11.92
,,,0.0029,11.92
,,,0.00291,11.92
,,,0.00292,11.92
,,,0.00293,11.92
,,,0.00294,11.92
,,,0.00295,11.84
,,,0.00296,11.92
,,,0.00297,11.92
,,,0.00298,11.84
,,,0.00299,11.92
,,,0.003,11.84
,,,0.00301,11.92
,,,0.00302,11.92
,,,0.00303,11.92
,,,0.00304,11.92
,,,0.00305,11.84
,,,0.00306,11.92
,,,0.00307,11.92
,,,0.00308,11.92
,,,0.00309,11.92
,,,0.0031,11.92
,,,0.00311,11.84
,,,0.00312,11.92
,,,0.00313,11.84
,,,0.00314,11.84
,,,0.00315,11.92
,,,0.00316,11.84
,,,0.00317,11.92
,,,0.00318,11.92
,,,0.00319,11.84
,,,0.0032,11.84
,,,0.00321,11.84
,,,0.00322,11.92
,,,0.00323,11.84
,,,0.00324,11.84
,,,0.00325,11.84
,,,0.00326,11.92
,,,0.00327,11.92
,,,0.00328,11.92
,,,0.00329,11.84
,,,0.0033,11.92
,,,0.00331,11.92
,,,0.00332,11.84
,,,0.00333,11.92
,,,0.00334,11.84
,,,0.00335,11.92
,,,0.00336,11.92
,,,0.00337,11.84
,,,0.00338,11.84
,,,0.00339,11.84
,,,0.0034,11.92
,,,0.00341,11.84
,,,0.00342,11.84
,,,0.00343,11.84
,,,0.00344,11.84
,,,0.00345,11.84
,,,0.00346,11.92
,,,0.00347,11.92
,,,0.00348,11.92
,,,0.00349,11.84
,,,0.0035,11.92
,,,0.00351,11.92
,,,0.00352,11.84
,,,0.00353,11.92
,,,0.00354,11.84
,,,0.00355,11.92
,,,0.00356,11.84
,,,0.00357,11.92
,,,0.00358,11.84
,,,0.00359,11.92
,,,0.0036,11.84
,,,0.00361,11.92
,,,0.00362,11.92
,,,0.00363,11.84
,,,0.00364,11.84
,,,0.00365,11.84
,,,0.00366,11.84
,,,0.00367,11.92
,,,0.00368,11.84
,,,0.00369,11.84
,,,0.0037,11.92
,,,0.00371,11.92
,,,0.00372,11.84
,,,0.00373,11.84
,,,0.00374,11.84
,,,0.00375,11.84
,,,0.00376,11.84
,,,0.00377,11.92
,,,0.00378,11.92
,,,0.00379,11.92
,,,0.0038,11.84
,,,0.00381,11.84
,,,0.00382,11.92
,,,0.00383,11.92
,,,0.00384,11.84
,,,0.00385,11.92
,,,0.00386,11.84
,,,0.00387,11.84
,,,0.00388,11.84
,,,0.00389,11.84
,,,0.0039,11.84
,,,0.00391,11.92
,,,0.00392,11.92
,,,0.00393,11.84
,,,0.00394,11.92
,,,0.00395,11.84
,,,0.00396,11.92
,,,0.00397,11.92
,,,0.00398,11.92
,,,0.00399,11.84
,,,0.004,11.84
,,,0.00401,11.84
,,,0.00402,11.92
,,,0.00403,11.84
,,,0.00404,11.84
,,,0.00405,11.84
,,,0.00406,11.84
,,,0.00407,11.84
,,,0.00408,11.92
,,,0.00409,11.84
,,,0.0041,11.84
,,,0.00411,11.92
,,,0.00412,11.92
,,,0.00413,11.92
,,,0.00414,11.84
,,,0.00415,11.84
,,,0.00416,11.84
,,,0.00417,11.92
,,,0.00418,11.84
,,,0.00419,11.92
,,,0.0042,11.92
,,,0.00421,11.84
,,,0.00422,11.84
,,,0.00423,11.92
,,,0.00424,11.84
,,,0.00425,11.92
,,,0.00426,11.92
,,,0.00427,11.84
,,,0.00428,11.84
,,,0.00429,11.84
,,,0.0043,11.92
,,,0.00431,11.92
,,,0.00432,11.84
,,,0.00433,11.84
,,,0.00434,11.92
,,,0.00435,11.84
,,,0.00436,11.84
,,,0.00437,11.84
,,,0.00438,11.84
,,,0.00439,11.84
,,,0.0044,11.84
,,,0.00441,11.84
,,,0.00442,11.84
,,,0.00443,11.84
,,,0.00444,11.84
,,,0.00445,11.84
,,,0.00446,11.84
,,,0.00447,11.92
,,,0.00448,11.84
,,,0.00449,11.84
,,,0.0045,11.84
,,,0.00451,11.84
,,,0.00452,11.84
,,,0.00453,11.92
,,,0.00454,11.92
,,,0.00455,11.84
,,,0.00456,11.84
,,,0.00457,11.84
,,,0.00458,11.92
,,,0.00459,11.84
,,,0.0046,11.84
,,,0.00461,11.92
,,,0.00462,11.84
,,,0.00463,11.84
,,,0.00464,11.84
,,,0.00465,11.84
,,,0.00466,11.84
,,,0.00467,11.84
,,,0.00468,11.92
,,,0.00469,11.84
,,,0.0047,11.92
,,,0.00471,11.84
,,,0.00472,11.84
,,,0.00473,11.84
,,,0.00474,11.84
,,,0.00475,11.92
,,,0.00476,11.84
,,,0.00477,11.92
,,,0.00478,11.84
,,,0.00479,11.92
,,,0.0048,11.92
,,,0.00481,11.84
,,,0.00482,11.92
,,,0.00483,11.84
,,,0.00484,11.84
,,,0.00485,11.92
,,,0.00486,11.92
,,,0.00487,11.84
,,,0.00488,11.84
,,,0.00489,11.84
,,,0.0049,11.92
,,,0.00491,11.84
,,,0.00492,11.84
,,,0.00493,11.84
,,,0.00494,11.92
,,,0.00495,11.84
,,,0.00496,11.84
,,,0.00497,11.84
,,,0.00498,11.84
,,,0.00499,11.84
,,,0.005,11.84
,,,0.00501,11.84
,,,0.00502,11.84
,,,0.00503,11.92
,,,0.00504,11.84
,,,0.00505,11.84
,,,0.00506,11.84
,,,0.00507,11.92
,,,0.00508,11.84
,,,0.00509,11.92
,,,0.0051,11.84
,,,0.00511,11.84
,,,0.00512,11.84
,,,0.00513,11.84
,,,0.00514,11.84
,,,0.00515,11.84
,,,0.00516,11.84
,,,0.00517,11.84
,,,0.00518,11.92
,,,0.00519,11.92
,,,0.0052,11.84
,,,0.00521,11.84
,,,0.00522,11.84
,,,0.00523,11.84
,,,0.00524,11.84
,,,0.00525,11.84
,,,0.00526,11.84
,,,0.00527,11.84
,,,0.00528,11.84
,,,0.00529,11.84
,,,0.0053,11.84
,,,0.00531,11.84
,,,0.00532,11.84
,,,0.00533,11.84
,,,0.00534,11.84
,,,0.00535,11.84
,,,0.00536,11.84
,,,0.00537,11.84
,,,0.00538,11.84
,,,0.00539,11.84
,,,0.0054,11.84
,,,0.00541,11.84
,,,0.00542,11.84
,,,0.00543,11.84
,,,0.00544,11.84
,,,0.00545,11.84
,,,0.00546,11.84
,,,0.00547,11.84
,,,0.00548,11.84
,,,0.00549,11.84
,,,0.0055,11.84
,,,0.00551,11.84
,,,0.00552,11.84
,,,0.00553,11.84
,,,0.00554,11.84
,,,0.00555,11.84
,,,0.00556,11.84
,,,0.00557,11.84
,,,0.00558,11.92
,,,0.00559,11.76
,,,0.0056,11.84
,,,0.00561,11.84
,,,0.00562,11.84
,,,0.00563,11.84
,,,0.00564,11.84
,,,0.00565,11.84
,,,0.00566,11.84
,,,0.00567,11.84
,,,0.00568,11.84
,,,0.00569,11.84
,,,0.0057,11.84
,,,0.00571,11.84
,,,0.00572,11.84
,,,0.00573,11.84
,,,0.00574,11.84
,,,0.00575,11.84
,,,0.00576,11.84
,,,0.00577,11.84
,,,0.00578,11.84
,,,0.00579,11.84
,,,0.0058,11.76
,,,0.00581,11.84
,,,0.00582,11.84
,,,0.00583,11.84
,,,0.00584,11.84
,,,0.00585,11.84
,,,0.00586,11.84
,,,0.00587,11.84
,,,0.00588,11.84
,,,0.00589,11.92
,,,0.0059,11.84
,,,0.00591,11.84
,,,0.00592,11.84
,,,0.00593,11.92
,,,0.00594,11.84
,,,0.00595,11.84
,,,0.00596,11.84
,,,0.00597,11.84
,,,0.00598,11.84
,,,0.00599,11.84
,,,0.006,11.84
,,,0.00601,11.84
,,,0.00602,11.84
,,,0.00603,11.84
,,,0.00604,11.92
,,,0.00605,11.84
,,,0.00606,11.84
,,,0.00607,11.84
,,,0.00608,11.84
,,,0.00609,11.76
,,,0.0061,11.84
,,,0.00611,11.84
,,,0.00612,11.84
,,,0.00613,11.84
,,,0.00614,11.84
,,,0.00615,11.84
,,,0.00616,11.92
,,,0.00617,11.84
,,,0.00618,11.84
,,,0.00619,11.76
,,,0.0062,11.84
,,,0.00621,11.84
,,,0.00622,11.84
,,,0.00623,11.84
,,,0.00624,11.84
,,,0.00625,11.84
,,,0.00626,11.84
,,,0.00627,11.84
,,,0.00628,11.84
,,,0.00629,11.84
,,,0.0063,11.84
,,,0.00631,11.84
,,,0.00632,11.84
,,,0.00633,11.84
,,,0.00634,11.84
,,,0.00635,11.84
,,,0.00636,11.84
,,,0.00637,11.84
,,,0.00638,11.84
,,,0.00639,11.84
,,,0.0064,11.84
,,,0.00641,11.76
,,,0.00642,11.84
,,,0.00643,11.84
,,,0.00644,11.84
,,,0.00645,11.84
,,,0.00646,11.84
,,,0.00647,11.84
,,,0.00648,11.84
,,,0.00649,11.76
,,,0.0065,11.84
,,,0.00651,11.84
,,,0.00652,11.84
,,,0.00653,11.84
,,,0.00654,11.84
,,,0.00655,11.84
,,,0.00656,11.84
,,,0.00657,11.76
,,,0.00658,11.84
,,,0.00659,11.84
,,,0.0066,11.84
,,,0.00661,11.84
,,,0.00662,11.76
,,,0.00663,11.84
,,,0.00664,11.84
,,,0.00665,11.84
,,,0.00666,11.84
,,,0.00667,11.84
,,,0.00668,11.84
,,,0.00669,11.84
,,,0.0067,11.84
,,,0.00671,11.84
,,,0.00672,11.84
,,,0.00673,11.84
,,,0.00674,11.84
,,,0.00675,11.84
,,,0.00676,11.84
,,,0.00677,11.76
,,,0.00678,11.84
,,,0.00679,11.84
,,,0.0068,11.84
,,,0.00681,11.84
,,,0.00682,11.84
,,,0.00683,11.84
,,,0.00684,11.84
,,,0.00685,11.84
,,,0.00686,11.84
,,,0.00687,11.84
,,,0.00688,11.84
,,,0.00689,11.84
,,,0.0069,11.84
,,,0.00691,11.84
,,,0.00692,11.84
,,,0.00693,11.76
,,,0.00694,11.84
,,,0.00695,11.84
,,,0.00696,11.84
,,,0.00697,11.84
,,,0.00698,11.92
,,,0.00699,11.76
,,,0.007,11.84
,,,0.00701,11.84
,,,0.00702,11.84
,,,0.00703,11.84
,,,0.00704,11.84
,,,0.00705,11.84
,,,0.00706,11.84
,,,0.00707,11.84
,,,0.00708,11.76
,,,0.00709,11.84
,,,0.0071,11.84
,,,0.00711,11.84
,,,0.00712,11.84
,,,0.00713,11.84
,,,0.00714,11.84
,,,0.00715,11.84
,,,0.00716,11.84
,,,0.00717,11.84
,,,0.00718,11.84
,,,0.00719,11.84
,,,0.0072,11.84
,,,0.00721,11.84
,,,0.00722,11.84
,,,0.00723,11.84
,,,0.00724,11.84
,,,0.00725,11.76
,,,0.00726,11.84
,,,0.00727,11.84
,,,0.00728,11.84
,,,0.00729,11.84
,,,0.0073,11.84
,,,0.00731,11.84
,,,0.00732,11.84
,,,0.00733,11.84
,,,0.00734,11.84
,,,0.00735,11.76
,,,0.00736,11.84
,,,0.00737,11.84
,,,0.00738,11.84
,,,0.00739,11.84
,,,0.0074,11.84
,,,0.00741,11.84
,,,0.00742,11.84
,,,0.00743,11.84
,,,0.00744,11.84
,,,0.00745,11.76
,,,0.00746,11.84
,,,0.00747,11.84
,,,0.00748,11.84
,,,0.00749,11.84
,,,0.0075,11.84
,,,0.00751,11.84
,,,0.00752,11.84
,,,0.00753,11.84
,,,0.00754,11.84
,,,0.00755,11.84
,,,0.00756,11.76
,,,0.00757,11.84
,,,0.00758,11.84
,,,0.00759,11.84
,,,0.0076,11.84
,,,0.00761,11.84
,,,0.00762,11.84
,,,0.00763,11.84
,,,0.00764,11.84
,,,0.00765,11.76
,,,0.00766,11.84
,,,0.00767,11.84
,,,0.00768,11.84
,,,0.00769,11.76
,,,0.0077,11.84
,,,0.00771,11.84
,,,0.00772,11.84
,,,0.00773,11.84
,,,0.00774,11.84
,,,0.00775,11.84
,,,0.00776,11.84
,,,0.00777,11.84
,,,0.00778,11.84
,,,0.00779,11.84
,,,0.0078,11.76
,,,0.00781,11.84
,,,0.00782,11.84
,,,0.00783,11.76
,,,0.00784,11.92
,,,0.00785,11.84
,,,0.00786,11.84
,,,0.00787,11.84
,,,0.00788,11.76
,,,0.00789,11.84
,,,0.0079,11.84
,,,0.00791,11.84
,,,0.00792,11.84
,,,0.00793,11.84
,,,0.00794,11.84
,,,0.00795,11.76
,,,0.00796,11.84
,,,0.00797,11.76
,,,0.00798,11.84
,,,0.00799,11.84
