Record Length,2.50E+03,,-0.0278,2.44
Sample Interval,2.00E-05,,-0.02778,2.44
Trigger Point,1.39E+03,,-0.02776,2.44
,,,-0.02774,2.44
,,,-0.02772,2.44
,,,-0.0277,2.44
Source,CH1,,-0.02768,2.44
Vertical Units,V,,-0.02766,2.44
Vertical Scale,2.00E-01,,-0.02764,2.44
Vertical Offset,-2.00E+00,,-0.02762,2.44
Horizontal Units,s,,-0.0276,2.44
Horizontal Scale,5.00E-03,,-0.02758,2.44
Pt Fmt,Y,,-0.02756,2.44
Yzero,0.00E+00,,-0.02754,2.44
Probe Atten,1.00E+00,,-0.02752,2.44
Model Number,TBS1102B-EDU,,-0.0275,2.44
Serial Number,C023028,,-0.02748,2.432
Firmware Version,FV:v4.06,,-0.02746,2.44
,,,-0.02744,2.44
,,,-0.02742,2.44
,,,-0.0274,2.432
,,,-0.02738,2.432
,,,-0.02736,2.432
,,,-0.02734,2.432
,,,-0.02732,2.44
,,,-0.0273,2.432
,,,-0.02728,2.432
,,,-0.02726,2.432
,,,-0.02724,2.432
,,,-0.02722,2.44
,,,-0.0272,2.432
,,,-0.02718,2.432
,,,-0.02716,2.432
,,,-0.02714,2.432
,,,-0.02712,2.432
,,,-0.0271,2.432
,,,-0.02708,2.432
,,,-0.02706,2.432
,,,-0.02704,2.432
,,,-0.02702,2.432
,,,-0.027,2.432
,,,-0.02698,2.424
,,,-0.02696,2.424
,,,-0.02694,2.432
,,,-0.02692,2.424
,,,-0.0269,2.424
,,,-0.02688,2.424
,,,-0.02686,2.424
,,,-0.02684,2.424
,,,-0.02682,2.424
,,,-0.0268,2.424
,,,-0.02678,2.424
,,,-0.02676,2.424
,,,-0.02674,2.424
,,,-0.02672,2.424
,,,-0.0267,2.424
,,,-0.02668,2.416
,,,-0.02666,2.424
,,,-0.02664,2.424
,,,-0.02662,2.424
,,,-0.0266,2.416
,,,-0.02658,2.416
,,,-0.02656,2.416
,,,-0.02654,2.416
,,,-0.02652,2.416
,,,-0.0265,2.416
,,,-0.02648,2.416
,,,-0.02646,2.424
,,,-0.02644,2.416
,,,-0.02642,2.416
,,,-0.0264,2.416
,,,-0.02638,2.416
,,,-0.02636,2.416
,,,-0.02634,2.416
,,,-0.02632,2.416
,,,-0.0263,2.416
,,,-0.02628,2.416
,,,-0.02626,2.416
,,,-0.02624,2.416
,,,-0.02622,2.416
,,,-0.0262,2.416
,,,-0.02618,2.416
,,,-0.02616,2.408
,,,-0.02614,2.416
,,,-0.02612,2.416
,,,-0.0261,2.416
,,,-0.02608,2.408
,,,-0.02606,2.416
,,,-0.02604,2.408
,,,-0.02602,2.416
,,,-0.026,2.416
,,,-0.02598,2.416
,,,-0.02596,2.416
,,,-0.02594,2.416
,,,-0.02592,2.416
,,,-0.0259,2.416
,,,-0.02588,2.416
,,,-0.02586,2.416
,,,-0.02584,2.416
,,,-0.02582,2.416
,,,-0.0258,2.416
,,,-0.02578,2.416
,,,-0.02576,2.416
,,,-0.02574,2.416
,,,-0.02572,2.416
,,,-0.0257,2.416
,,,-0.02568,2.408
,,,-0.02566,2.416
,,,-0.02564,2.416
,,,-0.02562,2.408
,,,-0.0256,2.416
,,,-0.02558,2.408
,,,-0.02556,2.408
,,,-0.02554,2.408
,,,-0.02552,2.416
,,,-0.0255,2.408
,,,-0.02548,2.416
,,,-0.02546,2.408
,,,-0.02544,2.416
,,,-0.02542,2.408
,,,-0.0254,2.408
,,,-0.02538,2.408
,,,-0.02536,2.408
,,,-0.02534,2.408
,,,-0.02532,2.408
,,,-0.0253,2.408
,,,-0.02528,2.408
,,,-0.02526,2.408
,,,-0.02524,2.4
,,,-0.02522,2.408
,,,-0.0252,2.4
,,,-0.02518,2.4
,,,-0.02516,2.4
,,,-0.02514,2.4
,,,-0.02512,2.392
,,,-0.0251,2.392
,,,-0.02508,2.392
,,,-0.02506,2.392
,,,-0.02504,2.384
,,,-0.02502,2.384
,,,-0.025,2.376
,,,-0.02498,2.368
,,,-0.02496,2.368
,,,-0.02494,2.36
,,,-0.02492,2.344
,,,-0.0249,2.336
,,,-0.02488,2.328
,,,-0.02486,2.312
,,,-0.02484,2.304
,,,-0.02482,2.296
,,,-0.0248,2.288
,,,-0.02478,2.28
,,,-0.02476,2.264
,,,-0.02474,2.256
,,,-0.02472,2.248
,,,-0.0247,2.232
,,,-0.02468,2.224
,,,-0.02466,2.216
,,,-0.02464,2.208
,,,-0.02462,2.192
,,,-0.0246,2.192
,,,-0.02458,2.176
,,,-0.02456,2.16
,,,-0.02454,2.136
,,,-0.02452,2.112
,,,-0.0245,2.088
,,,-0.02448,2.064
,,,-0.02446,2.032
,,,-0.02444,2.016
,,,-0.02442,1.992
,,,-0.0244,1.968
,,,-0.02438,1.944
,,,-0.02436,1.936
,,,-0.02434,1.92
,,,-0.02432,1.904
,,,-0.0243,1.888
,,,-0.02428,1.896
,,,-0.02426,1.888
,,,-0.02424,1.888
,,,-0.02422,1.896
,,,-0.0242,1.912
,,,-0.02418,1.928
,,,-0.02416,1.944
,,,-0.02414,1.96
,,,-0.02412,1.976
,,,-0.0241,2
,,,-0.02408,2.032
,,,-0.02406,2.056
,,,-0.02404,2.072
,,,-0.02402,2.104
,,,-0.024,2.12
,,,-0.02398,2.152
,,,-0.02396,2.168
,,,-0.02394,2.192
,,,-0.02392,2.216
,,,-0.0239,2.232
,,,-0.02388,2.248
,,,-0.02386,2.272
,,,-0.02384,2.288
,,,-0.02382,2.296
,,,-0.0238,2.312
,,,-0.02378,2.328
,,,-0.02376,2.336
,,,-0.02374,2.344
,,,-0.02372,2.352
,,,-0.0237,2.368
,,,-0.02368,2.376
,,,-0.02366,2.384
,,,-0.02364,2.384
,,,-0.02362,2.392
,,,-0.0236,2.4
,,,-0.02358,2.4
,,,-0.02356,2.408
,,,-0.02354,2.408
,,,-0.02352,2.416
,,,-0.0235,2.416
,,,-0.02348,2.416
,,,-0.02346,2.424
,,,-0.02344,2.424
,,,-0.02342,2.424
,,,-0.0234,2.424
,,,-0.02338,2.424
,,,-0.02336,2.432
,,,-0.02334,2.432
,,,-0.02332,2.432
,,,-0.0233,2.432
,,,-0.02328,2.44
,,,-0.02326,2.432
,,,-0.02324,2.432
,,,-0.02322,2.432
,,,-0.0232,2.44
,,,-0.02318,2.432
,,,-0.02316,2.432
,,,-0.02314,2.44
,,,-0.02312,2.44
,,,-0.0231,2.44
,,,-0.02308,2.44
,,,-0.02306,2.44
,,,-0.02304,2.44
,,,-0.02302,2.44
,,,-0.023,2.44
,,,-0.02298,2.432
,,,-0.02296,2.44
,,,-0.02294,2.44
,,,-0.02292,2.44
,,,-0.0229,2.44
,,,-0.02288,2.44
,,,-0.02286,2.44
,,,-0.02284,2.432
,,,-0.02282,2.44
,,,-0.0228,2.44
,,,-0.02278,2.432
,,,-0.02276,2.432
,,,-0.02274,2.424
,,,-0.02272,2.424
,,,-0.0227,2.424
,,,-0.02268,2.424
,,,-0.02266,2.416
,,,-0.02264,2.408
,,,-0.02262,2.4
,,,-0.0226,2.4
,,,-0.02258,2.392
,,,-0.02256,2.376
,,,-0.02254,2.368
,,,-0.02252,2.36
,,,-0.0225,2.352
,,,-0.02248,2.336
,,,-0.02246,2.328
,,,-0.02244,2.32
,,,-0.02242,2.304
,,,-0.0224,2.296
,,,-0.02238,2.288
,,,-0.02236,2.28
,,,-0.02234,2.272
,,,-0.02232,2.272
,,,-0.0223,2.272
,,,-0.02228,2.264
,,,-0.02226,2.264
,,,-0.02224,2.264
,,,-0.02222,2.264
,,,-0.0222,2.272
,,,-0.02218,2.28
,,,-0.02216,2.28
,,,-0.02214,2.288
,,,-0.02212,2.288
,,,-0.0221,2.296
,,,-0.02208,2.304
,,,-0.02206,2.312
,,,-0.02204,2.32
,,,-0.02202,2.328
,,,-0.022,2.336
,,,-0.02198,2.344
,,,-0.02196,2.352
,,,-0.02194,2.36
,,,-0.02192,2.368
,,,-0.0219,2.376
,,,-0.02188,2.376
,,,-0.02186,2.384
,,,-0.02184,2.384
,,,-0.02182,2.392
,,,-0.0218,2.392
,,,-0.02178,2.4
,,,-0.02176,2.4
,,,-0.02174,2.408
,,,-0.02172,2.408
,,,-0.0217,2.408
,,,-0.02168,2.408
,,,-0.02166,2.408
,,,-0.02164,2.416
,,,-0.02162,2.416
,,,-0.0216,2.416
,,,-0.02158,2.416
,,,-0.02156,2.424
,,,-0.02154,2.424
,,,-0.02152,2.424
,,,-0.0215,2.424
,,,-0.02148,2.424
,,,-0.02146,2.424
,,,-0.02144,2.424
,,,-0.02142,2.424
,,,-0.0214,2.424
,,,-0.02138,2.424
,,,-0.02136,2.424
,,,-0.02134,2.424
,,,-0.02132,2.424
,,,-0.0213,2.424
,,,-0.02128,2.424
,,,-0.02126,2.424
,,,-0.02124,2.424
,,,-0.02122,2.424
,,,-0.0212,2.424
,,,-0.02118,2.424
,,,-0.02116,2.424
,,,-0.02114,2.416
,,,-0.02112,2.416
,,,-0.0211,2.416
,,,-0.02108,2.408
,,,-0.02106,2.408
,,,-0.02104,2.408
,,,-0.02102,2.4
,,,-0.021,2.392
,,,-0.02098,2.392
,,,-0.02096,2.384
,,,-0.02094,2.376
,,,-0.02092,2.368
,,,-0.0209,2.368
,,,-0.02088,2.36
,,,-0.02086,2.352
,,,-0.02084,2.344
,,,-0.02082,2.344
,,,-0.0208,2.344
,,,-0.02078,2.336
,,,-0.02076,2.336
,,,-0.02074,2.328
,,,-0.02072,2.328
,,,-0.0207,2.328
,,,-0.02068,2.328
,,,-0.02066,2.328
,,,-0.02064,2.328
,,,-0.02062,2.328
,,,-0.0206,2.336
,,,-0.02058,2.336
,,,-0.02056,2.336
,,,-0.02054,2.344
,,,-0.02052,2.344
,,,-0.0205,2.344
,,,-0.02048,2.352
,,,-0.02046,2.352
,,,-0.02044,2.36
,,,-0.02042,2.36
,,,-0.0204,2.36
,,,-0.02038,2.368
,,,-0.02036,2.368
,,,-0.02034,2.368
,,,-0.02032,2.368
,,,-0.0203,2.368
,,,-0.02028,2.368
,,,-0.02026,2.368
,,,-0.02024,2.376
,,,-0.02022,2.376
,,,-0.0202,2.376
,,,-0.02018,2.376
,,,-0.02016,2.376
,,,-0.02014,2.376
,,,-0.02012,2.376
,,,-0.0201,2.376
,,,-0.02008,2.376
,,,-0.02006,2.376
,,,-0.02004,2.376
,,,-0.02002,2.376
,,,-0.02,2.376
,,,-0.01998,2.376
,,,-0.01996,2.376
,,,-0.01994,2.376
,,,-0.01992,2.368
,,,-0.0199,2.376
,,,-0.01988,2.368
,,,-0.01986,2.368
,,,-0.01984,2.368
,,,-0.01982,2.368
,,,-0.0198,2.368
,,,-0.01978,2.36
,,,-0.01976,2.368
,,,-0.01974,2.368
,,,-0.01972,2.368
,,,-0.0197,2.36
,,,-0.01968,2.36
,,,-0.01966,2.36
,,,-0.01964,2.36
,,,-0.01962,2.352
,,,-0.0196,2.352
,,,-0.01958,2.352
,,,-0.01956,2.352
,,,-0.01954,2.36
,,,-0.01952,2.352
,,,-0.0195,2.352
,,,-0.01948,2.352
,,,-0.01946,2.344
,,,-0.01944,2.344
,,,-0.01942,2.344
,,,-0.0194,2.344
,,,-0.01938,2.344
,,,-0.01936,2.344
,,,-0.01934,2.336
,,,-0.01932,2.336
,,,-0.0193,2.336
,,,-0.01928,2.328
,,,-0.01926,2.328
,,,-0.01924,2.32
,,,-0.01922,2.32
,,,-0.0192,2.312
,,,-0.01918,2.312
,,,-0.01916,2.304
,,,-0.01914,2.296
,,,-0.01912,2.296
,,,-0.0191,2.296
,,,-0.01908,2.296
,,,-0.01906,2.296
,,,-0.01904,2.288
,,,-0.01902,2.288
,,,-0.019,2.28
,,,-0.01898,2.28
,,,-0.01896,2.28
,,,-0.01894,2.28
,,,-0.01892,2.28
,,,-0.0189,2.288
,,,-0.01888,2.288
,,,-0.01886,2.288
,,,-0.01884,2.288
,,,-0.01882,2.288
,,,-0.0188,2.288
,,,-0.01878,2.296
,,,-0.01876,2.288
,,,-0.01874,2.296
,,,-0.01872,2.296
,,,-0.0187,2.296
,,,-0.01868,2.296
,,,-0.01866,2.296
,,,-0.01864,2.296
,,,-0.01862,2.304
,,,-0.0186,2.296
,,,-0.01858,2.296
,,,-0.01856,2.296
,,,-0.01854,2.304
,,,-0.01852,2.296
,,,-0.0185,2.304
,,,-0.01848,2.296
,,,-0.01846,2.304
,,,-0.01844,2.296
,,,-0.01842,2.304
,,,-0.0184,2.304
,,,-0.01838,2.304
,,,-0.01836,2.296
,,,-0.01834,2.304
,,,-0.01832,2.304
,,,-0.0183,2.304
,,,-0.01828,2.304
,,,-0.01826,2.304
,,,-0.01824,2.296
,,,-0.01822,2.296
,,,-0.0182,2.304
,,,-0.01818,2.296
,,,-0.01816,2.296
,,,-0.01814,2.304
,,,-0.01812,2.296
,,,-0.0181,2.296
,,,-0.01808,2.296
,,,-0.01806,2.296
,,,-0.01804,2.296
,,,-0.01802,2.296
,,,-0.018,2.296
,,,-0.01798,2.296
,,,-0.01796,2.296
,,,-0.01794,2.296
,,,-0.01792,2.296
,,,-0.0179,2.296
,,,-0.01788,2.296
,,,-0.01786,2.296
,,,-0.01784,2.296
,,,-0.01782,2.288
,,,-0.0178,2.288
,,,-0.01778,2.288
,,,-0.01776,2.288
,,,-0.01774,2.288
,,,-0.01772,2.288
,,,-0.0177,2.288
,,,-0.01768,2.288
,,,-0.01766,2.288
,,,-0.01764,2.288
,,,-0.01762,2.288
,,,-0.0176,2.288
,,,-0.01758,2.28
,,,-0.01756,2.28
,,,-0.01754,2.288
,,,-0.01752,2.28
,,,-0.0175,2.28
,,,-0.01748,2.28
,,,-0.01746,2.28
,,,-0.01744,2.28
,,,-0.01742,2.28
,,,-0.0174,2.28
,,,-0.01738,2.28
,,,-0.01736,2.28
,,,-0.01734,2.28
,,,-0.01732,2.28
,,,-0.0173,2.28
,,,-0.01728,2.28
,,,-0.01726,2.272
,,,-0.01724,2.28
,,,-0.01722,2.28
,,,-0.0172,2.28
,,,-0.01718,2.272
,,,-0.01716,2.272
,,,-0.01714,2.272
,,,-0.01712,2.272
,,,-0.0171,2.272
,,,-0.01708,2.272
,,,-0.01706,2.272
,,,-0.01704,2.272
,,,-0.01702,2.272
,,,-0.017,2.272
,,,-0.01698,2.272
,,,-0.01696,2.272
,,,-0.01694,2.272
,,,-0.01692,2.272
,,,-0.0169,2.272
,,,-0.01688,2.264
,,,-0.01686,2.272
,,,-0.01684,2.264
,,,-0.01682,2.272
,,,-0.0168,2.272
,,,-0.01678,2.264
,,,-0.01676,2.264
,,,-0.01674,2.264
,,,-0.01672,2.264
,,,-0.0167,2.264
,,,-0.01668,2.264
,,,-0.01666,2.256
,,,-0.01664,2.256
,,,-0.01662,2.264
,,,-0.0166,2.256
,,,-0.01658,2.264
,,,-0.01656,2.256
,,,-0.01654,2.256
,,,-0.01652,2.256
,,,-0.0165,2.256
,,,-0.01648,2.256
,,,-0.01646,2.256
,,,-0.01644,2.264
,,,-0.01642,2.256
,,,-0.0164,2.256
,,,-0.01638,2.256
,,,-0.01636,2.256
,,,-0.01634,2.256
,,,-0.01632,2.264
,,,-0.0163,2.256
,,,-0.01628,2.256
,,,-0.01626,2.264
,,,-0.01624,2.256
,,,-0.01622,2.256
,,,-0.0162,2.264
,,,-0.01618,2.256
,,,-0.01616,2.256
,,,-0.01614,2.256
,,,-0.01612,2.256
,,,-0.0161,2.264
,,,-0.01608,2.264
,,,-0.01606,2.264
,,,-0.01604,2.264
,,,-0.01602,2.264
,,,-0.016,2.264
,,,-0.01598,2.264
,,,-0.01596,2.264
,,,-0.01594,2.264
,,,-0.01592,2.264
,,,-0.0159,2.264
,,,-0.01588,2.264
,,,-0.01586,2.264
,,,-0.01584,2.264
,,,-0.01582,2.272
,,,-0.0158,2.264
,,,-0.01578,2.264
,,,-0.01576,2.264
,,,-0.01574,2.264
,,,-0.01572,2.272
,,,-0.0157,2.264
,,,-0.01568,2.264
,,,-0.01566,2.272
,,,-0.01564,2.272
,,,-0.01562,2.272
,,,-0.0156,2.264
,,,-0.01558,2.272
,,,-0.01556,2.272
,,,-0.01554,2.272
,,,-0.01552,2.272
,,,-0.0155,2.272
,,,-0.01548,2.272
,,,-0.01546,2.272
,,,-0.01544,2.272
,,,-0.01542,2.272
,,,-0.0154,2.272
,,,-0.01538,2.272
,,,-0.01536,2.272
,,,-0.01534,2.272
,,,-0.01532,2.272
,,,-0.0153,2.28
,,,-0.01528,2.272
,,,-0.01526,2.28
,,,-0.01524,2.272
,,,-0.01522,2.272
,,,-0.0152,2.28
,,,-0.01518,2.28
,,,-0.01516,2.28
,,,-0.01514,2.28
,,,-0.01512,2.28
,,,-0.0151,2.28
,,,-0.01508,2.28
,,,-0.01506,2.28
,,,-0.01504,2.28
,,,-0.01502,2.28
,,,-0.015,2.28
,,,-0.01498,2.28
,,,-0.01496,2.28
,,,-0.01494,2.28
,,,-0.01492,2.28
,,,-0.0149,2.28
,,,-0.01488,2.28
,,,-0.01486,2.28
,,,-0.01484,2.28
,,,-0.01482,2.288
,,,-0.0148,2.28
,,,-0.01478,2.28
,,,-0.01476,2.28
,,,-0.01474,2.28
,,,-0.01472,2.288
,,,-0.0147,2.28
,,,-0.01468,2.28
,,,-0.01466,2.288
,,,-0.01464,2.288
,,,-0.01462,2.288
,,,-0.0146,2.288
,,,-0.01458,2.288
,,,-0.01456,2.288
,,,-0.01454,2.288
,,,-0.01452,2.288
,,,-0.0145,2.288
,,,-0.01448,2.288
,,,-0.01446,2.288
,,,-0.01444,2.288
,,,-0.01442,2.288
,,,-0.0144,2.288
,,,-0.01438,2.28
,,,-0.01436,2.288
,,,-0.01434,2.288
,,,-0.01432,2.288
,,,-0.0143,2.288
,,,-0.01428,2.288
,,,-0.01426,2.288
,,,-0.01424,2.288
,,,-0.01422,2.288
,,,-0.0142,2.288
,,,-0.01418,2.288
,,,-0.01416,2.288
,,,-0.01414,2.288
,,,-0.01412,2.288
,,,-0.0141,2.288
,,,-0.01408,2.288
,,,-0.01406,2.288
,,,-0.01404,2.288
,,,-0.01402,2.288
,,,-0.014,2.288
,,,-0.01398,2.288
,,,-0.01396,2.288
,,,-0.01394,2.288
,,,-0.01392,2.288
,,,-0.0139,2.288
,,,-0.01388,2.288
,,,-0.01386,2.288
,,,-0.01384,2.288
,,,-0.01382,2.288
,,,-0.0138,2.288
,,,-0.01378,2.288
,,,-0.01376,2.288
,,,-0.01374,2.288
,,,-0.01372,2.288
,,,-0.0137,2.288
,,,-0.01368,2.288
,,,-0.01366,2.288
,,,-0.01364,2.288
,,,-0.01362,2.288
,,,-0.0136,2.288
,,,-0.01358,2.288
,,,-0.01356,2.288
,,,-0.01354,2.288
,,,-0.01352,2.288
,,,-0.0135,2.288
,,,-0.01348,2.288
,,,-0.01346,2.288
,,,-0.01344,2.288
,,,-0.01342,2.288
,,,-0.0134,2.288
,,,-0.01338,2.288
,,,-0.01336,2.288
,,,-0.01334,2.288
,,,-0.01332,2.296
,,,-0.0133,2.296
,,,-0.01328,2.288
,,,-0.01326,2.288
,,,-0.01324,2.288
,,,-0.01322,2.288
,,,-0.0132,2.296
,,,-0.01318,2.288
,,,-0.01316,2.296
,,,-0.01314,2.296
,,,-0.01312,2.288
,,,-0.0131,2.296
,,,-0.01308,2.288
,,,-0.01306,2.288
,,,-0.01304,2.296
,,,-0.01302,2.296
,,,-0.013,2.296
,,,-0.01298,2.296
,,,-0.01296,2.296
,,,-0.01294,2.296
,,,-0.01292,2.296
,,,-0.0129,2.288
,,,-0.01288,2.296
,,,-0.01286,2.296
,,,-0.01284,2.296
,,,-0.01282,2.296
,,,-0.0128,2.296
,,,-0.01278,2.296
,,,-0.01276,2.296
,,,-0.01274,2.296
,,,-0.01272,2.296
,,,-0.0127,2.296
,,,-0.01268,2.296
,,,-0.01266,2.296
,,,-0.01264,2.296
,,,-0.01262,2.296
,,,-0.0126,2.296
,,,-0.01258,2.296
,,,-0.01256,2.296
,,,-0.01254,2.296
,,,-0.01252,2.304
,,,-0.0125,2.296
,,,-0.01248,2.304
,,,-0.01246,2.296
,,,-0.01244,2.304
,,,-0.01242,2.304
,,,-0.0124,2.304
,,,-0.01238,2.304
,,,-0.01236,2.304
,,,-0.01234,2.304
,,,-0.01232,2.304
,,,-0.0123,2.304
,,,-0.01228,2.304
,,,-0.01226,2.304
,,,-0.01224,2.304
,,,-0.01222,2.304
,,,-0.0122,2.304
,,,-0.01218,2.304
,,,-0.01216,2.304
,,,-0.01214,2.304
,,,-0.01212,2.312
,,,-0.0121,2.312
,,,-0.01208,2.312
,,,-0.01206,2.312
,,,-0.01204,2.312
,,,-0.01202,2.312
,,,-0.012,2.312
,,,-0.01198,2.312
,,,-0.01196,2.312
,,,-0.01194,2.32
,,,-0.01192,2.312
,,,-0.0119,2.312
,,,-0.01188,2.32
,,,-0.01186,2.312
,,,-0.01184,2.312
,,,-0.01182,2.32
,,,-0.0118,2.32
,,,-0.01178,2.312
,,,-0.01176,2.32
,,,-0.01174,2.32
,,,-0.01172,2.32
,,,-0.0117,2.32
,,,-0.01168,2.32
,,,-0.01166,2.32
,,,-0.01164,2.32
,,,-0.01162,2.32
,,,-0.0116,2.328
,,,-0.01158,2.328
,,,-0.01156,2.328
,,,-0.01154,2.328
,,,-0.01152,2.328
,,,-0.0115,2.328
,,,-0.01148,2.336
,,,-0.01146,2.328
,,,-0.01144,2.328
,,,-0.01142,2.336
,,,-0.0114,2.328
,,,-0.01138,2.336
,,,-0.01136,2.336
,,,-0.01134,2.336
,,,-0.01132,2.336
,,,-0.0113,2.336
,,,-0.01128,2.336
,,,-0.01126,2.336
,,,-0.01124,2.336
,,,-0.01122,2.336
,,,-0.0112,2.336
,,,-0.01118,2.344
,,,-0.01116,2.336
,,,-0.01114,2.336
,,,-0.01112,2.344
,,,-0.0111,2.344
,,,-0.01108,2.344
,,,-0.01106,2.344
,,,-0.01104,2.344
,,,-0.01102,2.344
,,,-0.011,2.344
,,,-0.01098,2.352
,,,-0.01096,2.352
,,,-0.01094,2.352
,,,-0.01092,2.344
,,,-0.0109,2.352
,,,-0.01088,2.352
,,,-0.01086,2.352
,,,-0.01084,2.352
,,,-0.01082,2.352
,,,-0.0108,2.352
,,,-0.01078,2.352
,,,-0.01076,2.352
,,,-0.01074,2.352
,,,-0.01072,2.352
,,,-0.0107,2.352
,,,-0.01068,2.36
,,,-0.01066,2.36
,,,-0.01064,2.36
,,,-0.01062,2.36
,,,-0.0106,2.36
,,,-0.01058,2.36
,,,-0.01056,2.36
,,,-0.01054,2.36
,,,-0.01052,2.368
,,,-0.0105,2.368
,,,-0.01048,2.368
,,,-0.01046,2.368
,,,-0.01044,2.368
,,,-0.01042,2.368
,,,-0.0104,2.368
,,,-0.01038,2.376
,,,-0.01036,2.368
,,,-0.01034,2.368
,,,-0.01032,2.368
,,,-0.0103,2.376
,,,-0.01028,2.368
,,,-0.01026,2.368
,,,-0.01024,2.376
,,,-0.01022,2.376
,,,-0.0102,2.376
,,,-0.01018,2.376
,,,-0.01016,2.376
,,,-0.01014,2.376
,,,-0.01012,2.376
,,,-0.0101,2.376
,,,-0.01008,2.376
,,,-0.01006,2.376
,,,-0.01004,2.376
,,,-0.01002,2.384
,,,-0.01,2.384
,,,-0.00998,2.376
,,,-0.00996,2.376
,,,-0.00994,2.384
,,,-0.00992,2.384
,,,-0.0099,2.384
,,,-0.00988,2.384
,,,-0.00986,2.384
,,,-0.00984,2.384
,,,-0.00982,2.384
,,,-0.0098,2.384
,,,-0.00978,2.384
,,,-0.00976,2.384
,,,-0.00974,2.392
,,,-0.00972,2.384
,,,-0.0097,2.392
,,,-0.00968,2.392
,,,-0.00966,2.384
,,,-0.00964,2.392
,,,-0.00962,2.384
,,,-0.0096,2.384
,,,-0.00958,2.384
,,,-0.00956,2.392
,,,-0.00954,2.384
,,,-0.00952,2.392
,,,-0.0095,2.392
,,,-0.00948,2.392
,,,-0.00946,2.392
,,,-0.00944,2.392
,,,-0.00942,2.392
,,,-0.0094,2.392
,,,-0.00938,2.392
,,,-0.00936,2.392
,,,-0.00934,2.392
,,,-0.00932,2.392
,,,-0.0093,2.392
,,,-0.00928,2.392
,,,-0.00926,2.392
,,,-0.00924,2.392
,,,-0.00922,2.392
,,,-0.0092,2.392
,,,-0.00918,2.392
,,,-0.00916,2.392
,,,-0.00914,2.392
,,,-0.00912,2.392
,,,-0.0091,2.392
,,,-0.00908,2.392
,,,-0.00906,2.392
,,,-0.00904,2.392
,,,-0.00902,2.392
,,,-0.009,2.392
,,,-0.00898,2.4
,,,-0.00896,2.392
,,,-0.00894,2.392
,,,-0.00892,2.392
,,,-0.0089,2.392
,,,-0.00888,2.392
,,,-0.00886,2.392
,,,-0.00884,2.392
,,,-0.00882,2.392
,,,-0.0088,2.392
,,,-0.00878,2.392
,,,-0.00876,2.392
,,,-0.00874,2.392
,,,-0.00872,2.392
,,,-0.0087,2.392
,,,-0.00868,2.4
,,,-0.00866,2.392
,,,-0.00864,2.392
,,,-0.00862,2.392
,,,-0.0086,2.392
,,,-0.00858,2.392
,,,-0.00856,2.392
,,,-0.00854,2.392
,,,-0.00852,2.392
,,,-0.0085,2.392
,,,-0.00848,2.392
,,,-0.00846,2.392
,,,-0.00844,2.392
,,,-0.00842,2.392
,,,-0.0084,2.392
,,,-0.00838,2.384
,,,-0.00836,2.384
,,,-0.00834,2.384
,,,-0.00832,2.384
,,,-0.0083,2.392
,,,-0.00828,2.384
,,,-0.00826,2.392
,,,-0.00824,2.392
,,,-0.00822,2.392
,,,-0.0082,2.392
,,,-0.00818,2.392
,,,-0.00816,2.392
,,,-0.00814,2.384
,,,-0.00812,2.384
,,,-0.0081,2.384
,,,-0.00808,2.384
,,,-0.00806,2.384
,,,-0.00804,2.384
,,,-0.00802,2.384
,,,-0.008,2.384
,,,-0.00798,2.384
,,,-0.00796,2.384
,,,-0.00794,2.384
,,,-0.00792,2.384
,,,-0.0079,2.384
,,,-0.00788,2.384
,,,-0.00786,2.384
,,,-0.00784,2.384
,,,-0.00782,2.384
,,,-0.0078,2.384
,,,-0.00778,2.376
,,,-0.00776,2.376
,,,-0.00774,2.384
,,,-0.00772,2.376
,,,-0.0077,2.384
,,,-0.00768,2.376
,,,-0.00766,2.384
,,,-0.00764,2.392
,,,-0.00762,2.384
,,,-0.0076,2.384
,,,-0.00758,2.376
,,,-0.00756,2.368
,,,-0.00754,2.36
,,,-0.00752,2.344
,,,-0.0075,2.328
,,,-0.00748,2.312
,,,-0.00746,2.288
,,,-0.00744,2.272
,,,-0.00742,2.24
,,,-0.0074,2.216
,,,-0.00738,2.192
,,,-0.00736,2.168
,,,-0.00734,2.136
,,,-0.00732,2.112
,,,-0.0073,2.08
,,,-0.00728,2.056
,,,-0.00726,2.032
,,,-0.00724,2.008
,,,-0.00722,1.992
,,,-0.0072,1.984
,,,-0.00718,1.976
,,,-0.00716,1.968
,,,-0.00714,1.968
,,,-0.00712,1.976
,,,-0.0071,1.984
,,,-0.00708,2
,,,-0.00706,2.016
,,,-0.00704,2.04
,,,-0.00702,2.064
,,,-0.007,2.088
,,,-0.00698,2.112
,,,-0.00696,2.136
,,,-0.00694,2.16
,,,-0.00692,2.184
,,,-0.0069,2.216
,,,-0.00688,2.24
,,,-0.00686,2.264
,,,-0.00684,2.288
,,,-0.00682,2.312
,,,-0.0068,2.328
,,,-0.00678,2.352
,,,-0.00676,2.368
,,,-0.00674,2.384
,,,-0.00672,2.4
,,,-0.0067,2.408
,,,-0.00668,2.424
,,,-0.00666,2.44
,,,-0.00664,2.448
,,,-0.00662,2.456
,,,-0.0066,2.464
,,,-0.00658,2.472
,,,-0.00656,2.48
,,,-0.00654,2.488
,,,-0.00652,2.496
,,,-0.0065,2.504
,,,-0.00648,2.504
,,,-0.00646,2.52
,,,-0.00644,2.52
,,,-0.00642,2.52
,,,-0.0064,2.528
,,,-0.00638,2.528
,,,-0.00636,2.536
,,,-0.00634,2.536
,,,-0.00632,2.544
,,,-0.0063,2.544
,,,-0.00628,2.552
,,,-0.00626,2.552
,,,-0.00624,2.56
,,,-0.00622,2.552
,,,-0.0062,2.56
,,,-0.00618,2.56
,,,-0.00616,2.56
,,,-0.00614,2.56
,,,-0.00612,2.56
,,,-0.0061,2.568
,,,-0.00608,2.568
,,,-0.00606,2.568
,,,-0.00604,2.568
,,,-0.00602,2.568
,,,-0.006,2.576
,,,-0.00598,2.568
,,,-0.00596,2.576
,,,-0.00594,2.584
,,,-0.00592,2.576
,,,-0.0059,2.576
,,,-0.00588,2.576
,,,-0.00586,2.584
,,,-0.00584,2.584
,,,-0.00582,2.584
,,,-0.0058,2.584
,,,-0.00578,2.584
,,,-0.00576,2.592
,,,-0.00574,2.584
,,,-0.00572,2.592
,,,-0.0057,2.592
,,,-0.00568,2.592
,,,-0.00566,2.592
,,,-0.00564,2.592
,,,-0.00562,2.592
,,,-0.0056,2.592
,,,-0.00558,2.6
,,,-0.00556,2.6
,,,-0.00554,2.6
,,,-0.00552,2.6
,,,-0.0055,2.6
,,,-0.00548,2.6
,,,-0.00546,2.592
,,,-0.00544,2.592
,,,-0.00542,2.592
,,,-0.0054,2.584
,,,-0.00538,2.576
,,,-0.00536,2.576
,,,-0.00534,2.568
,,,-0.00532,2.552
,,,-0.0053,2.544
,,,-0.00528,2.52
,,,-0.00526,2.496
,,,-0.00524,2.48
,,,-0.00522,2.456
,,,-0.0052,2.416
,,,-0.00518,2.384
,,,-0.00516,2.344
,,,-0.00514,2.296
,,,-0.00512,2.256
,,,-0.0051,2.2
,,,-0.00508,2.152
,,,-0.00506,2.104
,,,-0.00504,2.04
,,,-0.00502,1.992
,,,-0.005,1.944
,,,-0.00498,1.896
,,,-0.00496,1.848
,,,-0.00494,1.808
,,,-0.00492,1.768
,,,-0.0049,1.736
,,,-0.00488,1.704
,,,-0.00486,1.68
,,,-0.00484,1.664
,,,-0.00482,1.656
,,,-0.0048,1.648
,,,-0.00478,1.648
,,,-0.00476,1.656
,,,-0.00474,1.672
,,,-0.00472,1.696
,,,-0.0047,1.72
,,,-0.00468,1.744
,,,-0.00466,1.784
,,,-0.00464,1.824
,,,-0.00462,1.864
,,,-0.0046,1.912
,,,-0.00458,1.952
,,,-0.00456,1.992
,,,-0.00454,2.032
,,,-0.00452,2.08
,,,-0.0045,2.112
,,,-0.00448,2.144
,,,-0.00446,2.184
,,,-0.00444,2.216
,,,-0.00442,2.248
,,,-0.0044,2.272
,,,-0.00438,2.296
,,,-0.00436,2.312
,,,-0.00434,2.328
,,,-0.00432,2.344
,,,-0.0043,2.344
,,,-0.00428,2.352
,,,-0.00426,2.352
,,,-0.00424,2.344
,,,-0.00422,2.344
,,,-0.0042,2.336
,,,-0.00418,2.32
,,,-0.00416,2.312
,,,-0.00414,2.296
,,,-0.00412,2.28
,,,-0.0041,2.264
,,,-0.00408,2.248
,,,-0.00406,2.224
,,,-0.00404,2.208
,,,-0.00402,2.2
,,,-0.004,2.184
,,,-0.00398,2.176
,,,-0.00396,2.16
,,,-0.00394,2.152
,,,-0.00392,2.152
,,,-0.0039,2.152
,,,-0.00388,2.152
,,,-0.00386,2.16
,,,-0.00384,2.16
,,,-0.00382,2.168
,,,-0.0038,2.184
,,,-0.00378,2.192
,,,-0.00376,2.208
,,,-0.00374,2.224
,,,-0.00372,2.24
,,,-0.0037,2.256
,,,-0.00368,2.272
,,,-0.00366,2.296
,,,-0.00364,2.312
,,,-0.00362,2.328
,,,-0.0036,2.344
,,,-0.00358,2.36
,,,-0.00356,2.384
,,,-0.00354,2.4
,,,-0.00352,2.416
,,,-0.0035,2.432
,,,-0.00348,2.448
,,,-0.00346,2.464
,,,-0.00344,2.472
,,,-0.00342,2.48
,,,-0.0034,2.496
,,,-0.00338,2.504
,,,-0.00336,2.512
,,,-0.00334,2.528
,,,-0.00332,2.536
,,,-0.0033,2.544
,,,-0.00328,2.544
,,,-0.00326,2.552
,,,-0.00324,2.56
,,,-0.00322,2.56
,,,-0.0032,2.568
,,,-0.00318,2.568
,,,-0.00316,2.576
,,,-0.00314,2.576
,,,-0.00312,2.584
,,,-0.0031,2.592
,,,-0.00308,2.584
,,,-0.00306,2.592
,,,-0.00304,2.592
,,,-0.00302,2.6
,,,-0.003,2.6
,,,-0.00298,2.6
,,,-0.00296,2.608
,,,-0.00294,2.6
,,,-0.00292,2.608
,,,-0.0029,2.608
,,,-0.00288,2.608
,,,-0.00286,2.608
,,,-0.00284,2.608
,,,-0.00282,2.616
,,,-0.0028,2.608
,,,-0.00278,2.608
,,,-0.00276,2.608
,,,-0.00274,2.608
,,,-0.00272,2.616
,,,-0.0027,2.616
,,,-0.00268,2.616
,,,-0.00266,2.616
,,,-0.00264,2.616
,,,-0.00262,2.616
,,,-0.0026,2.616
,,,-0.00258,2.616
,,,-0.00256,2.616
,,,-0.00254,2.624
,,,-0.00252,2.616
,,,-0.0025,2.616
,,,-0.00248,2.624
,,,-0.00246,2.616
,,,-0.00244,2.616
,,,-0.00242,2.624
,,,-0.0024,2.624
,,,-0.00238,2.616
,,,-0.00236,2.624
,,,-0.00234,2.616
,,,-0.00232,2.624
,,,-0.0023,2.624
,,,-0.00228,2.624
,,,-0.00226,2.616
,,,-0.00224,2.624
,,,-0.00222,2.624
,,,-0.0022,2.624
,,,-0.00218,2.624
,,,-0.00216,2.624
,,,-0.00214,2.624
,,,-0.00212,2.624
,,,-0.0021,2.624
,,,-0.00208,2.624
,,,-0.00206,2.624
,,,-0.00204,2.624
,,,-0.00202,2.632
,,,-0.002,2.624
,,,-0.00198,2.624
,,,-0.00196,2.624
,,,-0.00194,2.624
,,,-0.00192,2.632
,,,-0.0019,2.624
,,,-0.00188,2.632
,,,-0.00186,2.632
,,,-0.00184,2.632
,,,-0.00182,2.632
,,,-0.0018,2.632
,,,-0.00178,2.632
,,,-0.00176,2.632
,,,-0.00174,2.632
,,,-0.00172,2.632
,,,-0.0017,2.632
,,,-0.00168,2.632
,,,-0.00166,2.632
,,,-0.00164,2.632
,,,-0.00162,2.632
,,,-0.0016,2.632
,,,-0.00158,2.632
,,,-0.00156,2.632
,,,-0.00154,2.64
,,,-0.00152,2.632
,,,-0.0015,2.64
,,,-0.00148,2.632
,,,-0.00146,2.64
,,,-0.00144,2.64
,,,-0.00142,2.64
,,,-0.0014,2.64
,,,-0.00138,2.64
,,,-0.00136,2.64
,,,-0.00134,2.64
,,,-0.00132,2.64
,,,-0.0013,2.64
,,,-0.00128,2.64
,,,-0.00126,2.64
,,,-0.00124,2.64
,,,-0.00122,2.64
,,,-0.0012,2.64
,,,-0.00118,2.64
,,,-0.00116,2.64
,,,-0.00114,2.64
,,,-0.00112,2.64
,,,-0.0011,2.64
,,,-0.00108,2.64
,,,-0.00106,2.64
,,,-0.00104,2.64
,,,-0.00102,2.64
,,,-0.001,2.64
,,,-0.00098,2.64
,,,-0.00096,2.64
,,,-0.00094,2.632
,,,-0.00092,2.632
,,,-0.0009,2.624
,,,-0.00088,2.616
,,,-0.00086,2.608
,,,-0.00084,2.6
,,,-0.00082,2.6
,,,-0.0008,2.592
,,,-0.00078,2.584
,,,-0.00076,2.584
,,,-0.00074,2.584
,,,-0.00072,2.576
,,,-0.0007,2.576
,,,-0.00068,2.568
,,,-0.00066,2.576
,,,-0.00064,2.568
,,,-0.00062,2.568
,,,-0.0006,2.568
,,,-0.00058,2.568
,,,-0.00056,2.568
,,,-0.00054,2.568
,,,-0.00052,2.568
,,,-0.0005,2.568
,,,-0.00048,2.568
,,,-0.00046,2.568
,,,-0.00044,2.568
,,,-0.00042,2.568
,,,-0.0004,2.56
,,,-0.00038,2.568
,,,-0.00036,2.568
,,,-0.00034,2.568
,,,-0.00032,2.568
,,,-0.0003,2.568
,,,-0.00028,2.568
,,,-0.00026,2.568
,,,-0.00024,2.568
,,,-0.00022,2.568
,,,-0.0002,2.568
,,,-0.00018,2.568
,,,-0.00016,2.568
,,,-0.00014,2.568
,,,-0.00012,2.576
,,,-0.0001,2.568
,,,-0.00008,2.576
,,,-0.00006,2.576
,,,-0.00004,2.576
,,,-0.00002,2.576
,,,0,2.576
,,,0.00002,2.576
,,,0.00004,2.576
,,,0.00006,2.576
,,,0.00008,2.576
,,,0.0001,2.576
,,,0.00012,2.576
,,,0.00014,2.584
,,,0.00016,2.584
,,,0.00018,2.584
,,,0.0002,2.584
,,,0.00022,2.584
,,,0.00024,2.584
,,,0.00026,2.584
,,,0.00028,2.584
,,,0.0003,2.584
,,,0.00032,2.584
,,,0.00034,2.584
,,,0.00036,2.584
,,,0.00038,2.584
,,,0.0004,2.584
,,,0.00042,2.584
,,,0.00044,2.584
,,,0.00046,2.584
,,,0.00048,2.584
,,,0.0005,2.584
,,,0.00052,2.584
,,,0.00054,2.584
,,,0.00056,2.584
,,,0.00058,2.584
,,,0.0006,2.584
,,,0.00062,2.584
,,,0.00064,2.584
,,,0.00066,2.584
,,,0.00068,2.592
,,,0.0007,2.584
,,,0.00072,2.584
,,,0.00074,2.584
,,,0.00076,2.584
,,,0.00078,2.584
,,,0.0008,2.584
,,,0.00082,2.584
,,,0.00084,2.584
,,,0.00086,2.584
,,,0.00088,2.584
,,,0.0009,2.584
,,,0.00092,2.584
,,,0.00094,2.584
,,,0.00096,2.584
,,,0.00098,2.584
,,,0.001,2.584
,,,0.00102,2.584
,,,0.00104,2.584
,,,0.00106,2.584
,,,0.00108,2.584
,,,0.0011,2.584
,,,0.00112,2.584
,,,0.00114,2.584
,,,0.00116,2.584
,,,0.00118,2.584
,,,0.0012,2.584
,,,0.00122,2.584
,,,0.00124,2.576
,,,0.00126,2.584
,,,0.00128,2.576
,,,0.0013,2.576
,,,0.00132,2.584
,,,0.00134,2.576
,,,0.00136,2.584
,,,0.00138,2.576
,,,0.0014,2.576
,,,0.00142,2.576
,,,0.00144,2.576
,,,0.00146,2.576
,,,0.00148,2.576
,,,0.0015,2.576
,,,0.00152,2.576
,,,0.00154,2.576
,,,0.00156,2.576
,,,0.00158,2.576
,,,0.0016,2.576
,,,0.00162,2.576
,,,0.00164,2.576
,,,0.00166,2.568
,,,0.00168,2.576
,,,0.0017,2.576
,,,0.00172,2.576
,,,0.00174,2.576
,,,0.00176,2.576
,,,0.00178,2.568
,,,0.0018,2.568
,,,0.00182,2.568
,,,0.00184,2.576
,,,0.00186,2.576
,,,0.00188,2.568
,,,0.0019,2.568
,,,0.00192,2.568
,,,0.00194,2.568
,,,0.00196,2.568
,,,0.00198,2.576
,,,0.002,2.568
,,,0.00202,2.568
,,,0.00204,2.568
,,,0.00206,2.568
,,,0.00208,2.568
,,,0.0021,2.568
,,,0.00212,2.568
,,,0.00214,2.568
,,,0.00216,2.568
,,,0.00218,2.568
,,,0.0022,2.568
,,,0.00222,2.568
,,,0.00224,2.568
,,,0.00226,2.568
,,,0.00228,2.568
,,,0.0023,2.568
,,,0.00232,2.568
,,,0.00234,2.568
,,,0.00236,2.568
,,,0.00238,2.568
,,,0.0024,2.568
,,,0.00242,2.568
,,,0.00244,2.568
,,,0.00246,2.56
,,,0.00248,2.568
,,,0.0025,2.568
,,,0.00252,2.568
,,,0.00254,2.568
,,,0.00256,2.56
,,,0.00258,2.568
,,,0.0026,2.568
,,,0.00262,2.56
,,,0.00264,2.56
,,,0.00266,2.56
,,,0.00268,2.56
,,,0.0027,2.56
,,,0.00272,2.56
,,,0.00274,2.56
,,,0.00276,2.56
,,,0.00278,2.56
,,,0.0028,2.56
,,,0.00282,2.56
,,,0.00284,2.56
,,,0.00286,2.56
,,,0.00288,2.56
,,,0.0029,2.56
,,,0.00292,2.56
,,,0.00294,2.56
,,,0.00296,2.568
,,,0.00298,2.56
,,,0.003,2.56
,,,0.00302,2.56
,,,0.00304,2.56
,,,0.00306,2.56
,,,0.00308,2.56
,,,0.0031,2.56
,,,0.00312,2.56
,,,0.00314,2.56
,,,0.00316,2.56
,,,0.00318,2.56
,,,0.0032,2.56
,,,0.00322,2.56
,,,0.00324,2.56
,,,0.00326,2.56
,,,0.00328,2.56
,,,0.0033,2.56
,,,0.00332,2.56
,,,0.00334,2.552
,,,0.00336,2.56
,,,0.00338,2.56
,,,0.0034,2.552
,,,0.00342,2.552
,,,0.00344,2.552
,,,0.00346,2.552
,,,0.00348,2.552
,,,0.0035,2.552
,,,0.00352,2.552
,,,0.00354,2.552
,,,0.00356,2.544
,,,0.00358,2.552
,,,0.0036,2.552
,,,0.00362,2.544
,,,0.00364,2.544
,,,0.00366,2.544
,,,0.00368,2.552
,,,0.0037,2.544
,,,0.00372,2.544
,,,0.00374,2.552
,,,0.00376,2.544
,,,0.00378,2.544
,,,0.0038,2.536
,,,0.00382,2.544
,,,0.00384,2.536
,,,0.00386,2.536
,,,0.00388,2.536
,,,0.0039,2.544
,,,0.00392,2.536
,,,0.00394,2.536
,,,0.00396,2.536
,,,0.00398,2.536
,,,0.004,2.536
,,,0.00402,2.536
,,,0.00404,2.536
,,,0.00406,2.536
,,,0.00408,2.536
,,,0.0041,2.528
,,,0.00412,2.528
,,,0.00414,2.536
,,,0.00416,2.528
,,,0.00418,2.528
,,,0.0042,2.528
,,,0.00422,2.528
,,,0.00424,2.528
,,,0.00426,2.528
,,,0.00428,2.528
,,,0.0043,2.528
,,,0.00432,2.528
,,,0.00434,2.52
,,,0.00436,2.528
,,,0.00438,2.52
,,,0.0044,2.52
,,,0.00442,2.52
,,,0.00444,2.52
,,,0.00446,2.52
,,,0.00448,2.512
,,,0.0045,2.512
,,,0.00452,2.52
,,,0.00454,2.512
,,,0.00456,2.512
,,,0.00458,2.512
,,,0.0046,2.512
,,,0.00462,2.512
,,,0.00464,2.512
,,,0.00466,2.512
,,,0.00468,2.504
,,,0.0047,2.504
,,,0.00472,2.504
,,,0.00474,2.504
,,,0.00476,2.504
,,,0.00478,2.504
,,,0.0048,2.504
,,,0.00482,2.504
,,,0.00484,2.496
,,,0.00486,2.496
,,,0.00488,2.496
,,,0.0049,2.496
,,,0.00492,2.496
,,,0.00494,2.496
,,,0.00496,2.496
,,,0.00498,2.496
,,,0.005,2.488
,,,0.00502,2.496
,,,0.00504,2.488
,,,0.00506,2.496
,,,0.00508,2.496
,,,0.0051,2.496
,,,0.00512,2.488
,,,0.00514,2.488
,,,0.00516,2.488
,,,0.00518,2.488
,,,0.0052,2.488
,,,0.00522,2.488
,,,0.00524,2.48
,,,0.00526,2.488
,,,0.00528,2.48
,,,0.0053,2.48
,,,0.00532,2.48
,,,0.00534,2.48
,,,0.00536,2.48
,,,0.00538,2.48
,,,0.0054,2.48
,,,0.00542,2.48
,,,0.00544,2.472
,,,0.00546,2.472
,,,0.00548,2.48
,,,0.0055,2.472
,,,0.00552,2.472
,,,0.00554,2.472
,,,0.00556,2.472
,,,0.00558,2.472
,,,0.0056,2.472
,,,0.00562,2.472
,,,0.00564,2.472
,,,0.00566,2.464
,,,0.00568,2.464
,,,0.0057,2.464
,,,0.00572,2.464
,,,0.00574,2.464
,,,0.00576,2.464
,,,0.00578,2.464
,,,0.0058,2.464
,,,0.00582,2.464
,,,0.00584,2.464
,,,0.00586,2.464
,,,0.00588,2.464
,,,0.0059,2.464
,,,0.00592,2.464
,,,0.00594,2.464
,,,0.00596,2.456
,,,0.00598,2.456
,,,0.006,2.456
,,,0.00602,2.464
,,,0.00604,2.456
,,,0.00606,2.464
,,,0.00608,2.456
,,,0.0061,2.456
,,,0.00612,2.456
,,,0.00614,2.456
,,,0.00616,2.456
,,,0.00618,2.456
,,,0.0062,2.456
,,,0.00622,2.456
,,,0.00624,2.456
,,,0.00626,2.456
,,,0.00628,2.456
,,,0.0063,2.456
,,,0.00632,2.448
,,,0.00634,2.456
,,,0.00636,2.448
,,,0.00638,2.456
,,,0.0064,2.448
,,,0.00642,2.448
,,,0.00644,2.448
,,,0.00646,2.448
,,,0.00648,2.456
,,,0.0065,2.448
,,,0.00652,2.448
,,,0.00654,2.448
,,,0.00656,2.448
,,,0.00658,2.448
,,,0.0066,2.448
,,,0.00662,2.448
,,,0.00664,2.448
,,,0.00666,2.448
,,,0.00668,2.448
,,,0.0067,2.448
,,,0.00672,2.448
,,,0.00674,2.448
,,,0.00676,2.448
,,,0.00678,2.448
,,,0.0068,2.448
,,,0.00682,2.448
,,,0.00684,2.448
,,,0.00686,2.448
,,,0.00688,2.448
,,,0.0069,2.448
,,,0.00692,2.448
,,,0.00694,2.448
,,,0.00696,2.448
,,,0.00698,2.448
,,,0.007,2.44
,,,0.00702,2.44
,,,0.00704,2.448
,,,0.00706,2.448
,,,0.00708,2.44
,,,0.0071,2.44
,,,0.00712,2.448
,,,0.00714,2.448
,,,0.00716,2.44
,,,0.00718,2.44
,,,0.0072,2.448
,,,0.00722,2.44
,,,0.00724,2.448
,,,0.00726,2.44
,,,0.00728,2.44
,,,0.0073,2.44
,,,0.00732,2.44
,,,0.00734,2.44
,,,0.00736,2.44
,,,0.00738,2.44
,,,0.0074,2.44
,,,0.00742,2.44
,,,0.00744,2.44
,,,0.00746,2.44
,,,0.00748,2.44
,,,0.0075,2.44
,,,0.00752,2.44
,,,0.00754,2.44
,,,0.00756,2.44
,,,0.00758,2.44
,,,0.0076,2.44
,,,0.00762,2.44
,,,0.00764,2.44
,,,0.00766,2.44
,,,0.00768,2.44
,,,0.0077,2.44
,,,0.00772,2.44
,,,0.00774,2.44
,,,0.00776,2.44
,,,0.00778,2.44
,,,0.0078,2.44
,,,0.00782,2.432
,,,0.00784,2.44
,,,0.00786,2.432
,,,0.00788,2.432
,,,0.0079,2.432
,,,0.00792,2.432
,,,0.00794,2.432
,,,0.00796,2.44
,,,0.00798,2.44
,,,0.008,2.432
,,,0.00802,2.44
,,,0.00804,2.44
,,,0.00806,2.432
,,,0.00808,2.432
,,,0.0081,2.432
,,,0.00812,2.432
,,,0.00814,2.432
,,,0.00816,2.432
,,,0.00818,2.432
,,,0.0082,2.432
,,,0.00822,2.432
,,,0.00824,2.432
,,,0.00826,2.432
,,,0.00828,2.432
,,,0.0083,2.424
,,,0.00832,2.432
,,,0.00834,2.432
,,,0.00836,2.432
,,,0.00838,2.432
,,,0.0084,2.432
,,,0.00842,2.432
,,,0.00844,2.424
,,,0.00846,2.432
,,,0.00848,2.432
,,,0.0085,2.432
,,,0.00852,2.424
,,,0.00854,2.432
,,,0.00856,2.432
,,,0.00858,2.424
,,,0.0086,2.424
,,,0.00862,2.424
,,,0.00864,2.424
,,,0.00866,2.424
,,,0.00868,2.424
,,,0.0087,2.424
,,,0.00872,2.424
,,,0.00874,2.424
,,,0.00876,2.424
,,,0.00878,2.424
,,,0.0088,2.424
,,,0.00882,2.416
,,,0.00884,2.416
,,,0.00886,2.424
,,,0.00888,2.416
,,,0.0089,2.424
,,,0.00892,2.416
,,,0.00894,2.416
,,,0.00896,2.416
,,,0.00898,2.416
,,,0.009,2.416
,,,0.00902,2.416
,,,0.00904,2.416
,,,0.00906,2.408
,,,0.00908,2.416
,,,0.0091,2.416
,,,0.00912,2.416
,,,0.00914,2.416
,,,0.00916,2.416
,,,0.00918,2.408
,,,0.0092,2.408
,,,0.00922,2.408
,,,0.00924,2.408
,,,0.00926,2.408
,,,0.00928,2.408
,,,0.0093,2.408
,,,0.00932,2.408
,,,0.00934,2.408
,,,0.00936,2.408
,,,0.00938,2.408
,,,0.0094,2.408
,,,0.00942,2.408
,,,0.00944,2.416
,,,0.00946,2.408
,,,0.00948,2.416
,,,0.0095,2.408
,,,0.00952,2.408
,,,0.00954,2.408
,,,0.00956,2.408
,,,0.00958,2.408
,,,0.0096,2.408
,,,0.00962,2.408
,,,0.00964,2.408
,,,0.00966,2.408
,,,0.00968,2.408
,,,0.0097,2.408
,,,0.00972,2.408
,,,0.00974,2.408
,,,0.00976,2.408
,,,0.00978,2.408
,,,0.0098,2.408
,,,0.00982,2.408
,,,0.00984,2.408
,,,0.00986,2.408
,,,0.00988,2.416
,,,0.0099,2.416
,,,0.00992,2.408
,,,0.00994,2.408
,,,0.00996,2.408
,,,0.00998,2.408
,,,0.01,2.408
,,,0.01002,2.408
,,,0.01004,2.408
,,,0.01006,2.408
,,,0.01008,2.408
,,,0.0101,2.408
,,,0.01012,2.408
,,,0.01014,2.408
,,,0.01016,2.408
,,,0.01018,2.408
,,,0.0102,2.408
,,,0.01022,2.408
,,,0.01024,2.408
,,,0.01026,2.408
,,,0.01028,2.408
,,,0.0103,2.408
,,,0.01032,2.408
,,,0.01034,2.408
,,,0.01036,2.408
,,,0.01038,2.408
,,,0.0104,2.408
,,,0.01042,2.4
,,,0.01044,2.4
,,,0.01046,2.4
,,,0.01048,2.4
,,,0.0105,2.392
,,,0.01052,2.392
,,,0.01054,2.392
,,,0.01056,2.392
,,,0.01058,2.384
,,,0.0106,2.384
,,,0.01062,2.376
,,,0.01064,2.368
,,,0.01066,2.368
,,,0.01068,2.36
,,,0.0107,2.352
,,,0.01072,2.344
,,,0.01074,2.336
,,,0.01076,2.32
,,,0.01078,2.312
,,,0.0108,2.304
,,,0.01082,2.296
,,,0.01084,2.288
,,,0.01086,2.264
,,,0.01088,2.264
,,,0.0109,2.248
,,,0.01092,2.24
,,,0.01094,2.232
,,,0.01096,2.224
,,,0.01098,2.216
,,,0.011,2.208
,,,0.01102,2.192
,,,0.01104,2.184
,,,0.01106,2.168
,,,0.01108,2.152
,,,0.0111,2.128
,,,0.01112,2.104
,,,0.01114,2.08
,,,0.01116,2.056
,,,0.01118,2.032
,,,0.0112,2.008
,,,0.01122,1.984
,,,0.01124,1.96
,,,0.01126,1.944
,,,0.01128,1.928
,,,0.0113,1.912
,,,0.01132,1.904
,,,0.01134,1.896
,,,0.01136,1.888
,,,0.01138,1.888
,,,0.0114,1.896
,,,0.01142,1.912
,,,0.01144,1.912
,,,0.01146,1.936
,,,0.01148,1.952
,,,0.0115,1.968
,,,0.01152,1.992
,,,0.01154,2.016
,,,0.01156,2.032
,,,0.01158,2.056
,,,0.0116,2.088
,,,0.01162,2.112
,,,0.01164,2.128
,,,0.01166,2.16
,,,0.01168,2.184
,,,0.0117,2.2
,,,0.01172,2.224
,,,0.01174,2.24
,,,0.01176,2.264
,,,0.01178,2.272
,,,0.0118,2.296
,,,0.01182,2.304
,,,0.01184,2.32
,,,0.01186,2.336
,,,0.01188,2.344
,,,0.0119,2.352
,,,0.01192,2.36
,,,0.01194,2.368
,,,0.01196,2.376
,,,0.01198,2.384
,,,0.012,2.392
,,,0.01202,2.392
,,,0.01204,2.4
,,,0.01206,2.408
,,,0.01208,2.408
,,,0.0121,2.416
,,,0.01212,2.416
,,,0.01214,2.416
,,,0.01216,2.424
,,,0.01218,2.424
,,,0.0122,2.424
,,,0.01222,2.424
,,,0.01224,2.432
,,,0.01226,2.432
,,,0.01228,2.432
,,,0.0123,2.432
,,,0.01232,2.432
,,,0.01234,2.432
,,,0.01236,2.432
,,,0.01238,2.44
,,,0.0124,2.432
,,,0.01242,2.44
,,,0.01244,2.44
,,,0.01246,2.448
,,,0.01248,2.44
,,,0.0125,2.44
,,,0.01252,2.44
,,,0.01254,2.44
,,,0.01256,2.44
,,,0.01258,2.44
,,,0.0126,2.44
,,,0.01262,2.44
,,,0.01264,2.448
,,,0.01266,2.44
,,,0.01268,2.44
,,,0.0127,2.44
,,,0.01272,2.44
,,,0.01274,2.44
,,,0.01276,2.44
,,,0.01278,2.44
,,,0.0128,2.44
,,,0.01282,2.44
,,,0.01284,2.432
,,,0.01286,2.432
,,,0.01288,2.432
,,,0.0129,2.432
,,,0.01292,2.424
,,,0.01294,2.424
,,,0.01296,2.424
,,,0.01298,2.416
,,,0.013,2.408
,,,0.01302,2.4
,,,0.01304,2.392
,,,0.01306,2.392
,,,0.01308,2.376
,,,0.0131,2.368
,,,0.01312,2.36
,,,0.01314,2.344
,,,0.01316,2.336
,,,0.01318,2.328
,,,0.0132,2.32
,,,0.01322,2.304
,,,0.01324,2.296
,,,0.01326,2.296
,,,0.01328,2.288
,,,0.0133,2.272
,,,0.01332,2.272
,,,0.01334,2.272
,,,0.01336,2.264
,,,0.01338,2.264
,,,0.0134,2.272
,,,0.01342,2.272
,,,0.01344,2.272
,,,0.01346,2.28
,,,0.01348,2.288
,,,0.0135,2.288
,,,0.01352,2.296
,,,0.01354,2.304
,,,0.01356,2.312
,,,0.01358,2.32
,,,0.0136,2.328
,,,0.01362,2.336
,,,0.01364,2.344
,,,0.01366,2.344
,,,0.01368,2.352
,,,0.0137,2.36
,,,0.01372,2.368
,,,0.01374,2.376
,,,0.01376,2.376
,,,0.01378,2.384
,,,0.0138,2.384
,,,0.01382,2.392
,,,0.01384,2.392
,,,0.01386,2.4
,,,0.01388,2.408
,,,0.0139,2.408
,,,0.01392,2.408
,,,0.01394,2.408
,,,0.01396,2.416
,,,0.01398,2.416
,,,0.014,2.416
,,,0.01402,2.416
,,,0.01404,2.416
,,,0.01406,2.424
,,,0.01408,2.424
,,,0.0141,2.424
,,,0.01412,2.424
,,,0.01414,2.424
,,,0.01416,2.424
,,,0.01418,2.424
,,,0.0142,2.424
,,,0.01422,2.424
,,,0.01424,2.424
,,,0.01426,2.424
,,,0.01428,2.424
,,,0.0143,2.424
,,,0.01432,2.424
,,,0.01434,2.424
,,,0.01436,2.424
,,,0.01438,2.424
,,,0.0144,2.424
,,,0.01442,2.424
,,,0.01444,2.424
,,,0.01446,2.424
,,,0.01448,2.424
,,,0.0145,2.416
,,,0.01452,2.416
,,,0.01454,2.408
,,,0.01456,2.408
,,,0.01458,2.408
,,,0.0146,2.4
,,,0.01462,2.4
,,,0.01464,2.392
,,,0.01466,2.384
,,,0.01468,2.384
,,,0.0147,2.376
,,,0.01472,2.368
,,,0.01474,2.36
,,,0.01476,2.352
,,,0.01478,2.352
,,,0.0148,2.344
,,,0.01482,2.344
,,,0.01484,2.344
,,,0.01486,2.336
,,,0.01488,2.328
,,,0.0149,2.328
,,,0.01492,2.328
,,,0.01494,2.328
,,,0.01496,2.328
,,,0.01498,2.328
,,,0.015,2.336
,,,0.01502,2.328
,,,0.01504,2.336
,,,0.01506,2.336
,,,0.01508,2.344
,,,0.0151,2.344
,,,0.01512,2.344
,,,0.01514,2.344
,,,0.01516,2.352
,,,0.01518,2.352
,,,0.0152,2.352
,,,0.01522,2.36
,,,0.01524,2.36
,,,0.01526,2.36
,,,0.01528,2.368
,,,0.0153,2.368
,,,0.01532,2.368
,,,0.01534,2.368
,,,0.01536,2.376
,,,0.01538,2.368
,,,0.0154,2.376
,,,0.01542,2.376
,,,0.01544,2.376
,,,0.01546,2.376
,,,0.01548,2.376
,,,0.0155,2.376
,,,0.01552,2.376
,,,0.01554,2.376
,,,0.01556,2.376
,,,0.01558,2.376
,,,0.0156,2.376
,,,0.01562,2.376
,,,0.01564,2.376
,,,0.01566,2.376
,,,0.01568,2.376
,,,0.0157,2.368
,,,0.01572,2.368
,,,0.01574,2.368
,,,0.01576,2.368
,,,0.01578,2.368
,,,0.0158,2.368
,,,0.01582,2.368
,,,0.01584,2.368
,,,0.01586,2.368
,,,0.01588,2.368
,,,0.0159,2.36
,,,0.01592,2.368
,,,0.01594,2.36
,,,0.01596,2.36
,,,0.01598,2.36
,,,0.016,2.36
,,,0.01602,2.352
,,,0.01604,2.352
,,,0.01606,2.352
,,,0.01608,2.352
,,,0.0161,2.352
,,,0.01612,2.344
,,,0.01614,2.344
,,,0.01616,2.344
,,,0.01618,2.344
,,,0.0162,2.344
,,,0.01622,2.344
,,,0.01624,2.344
,,,0.01626,2.336
,,,0.01628,2.336
,,,0.0163,2.336
,,,0.01632,2.336
,,,0.01634,2.328
,,,0.01636,2.32
,,,0.01638,2.32
,,,0.0164,2.312
,,,0.01642,2.312
,,,0.01644,2.312
,,,0.01646,2.304
,,,0.01648,2.304
,,,0.0165,2.296
,,,0.01652,2.296
,,,0.01654,2.288
,,,0.01656,2.288
,,,0.01658,2.28
,,,0.0166,2.28
,,,0.01662,2.28
,,,0.01664,2.28
,,,0.01666,2.272
,,,0.01668,2.28
,,,0.0167,2.28
,,,0.01672,2.28
,,,0.01674,2.28
,,,0.01676,2.28
,,,0.01678,2.28
,,,0.0168,2.28
,,,0.01682,2.288
,,,0.01684,2.28
,,,0.01686,2.28
,,,0.01688,2.288
,,,0.0169,2.288
,,,0.01692,2.296
,,,0.01694,2.296
,,,0.01696,2.288
,,,0.01698,2.296
,,,0.017,2.296
,,,0.01702,2.296
,,,0.01704,2.296
,,,0.01706,2.296
,,,0.01708,2.296
,,,0.0171,2.296
,,,0.01712,2.296
,,,0.01714,2.296
,,,0.01716,2.296
,,,0.01718,2.296
,,,0.0172,2.296
,,,0.01722,2.296
,,,0.01724,2.296
,,,0.01726,2.296
,,,0.01728,2.296
,,,0.0173,2.304
,,,0.01732,2.296
,,,0.01734,2.296
,,,0.01736,2.296
,,,0.01738,2.296
,,,0.0174,2.296
,,,0.01742,2.296
,,,0.01744,2.296
,,,0.01746,2.296
,,,0.01748,2.296
,,,0.0175,2.296
,,,0.01752,2.296
,,,0.01754,2.296
,,,0.01756,2.296
,,,0.01758,2.296
,,,0.0176,2.296
,,,0.01762,2.296
,,,0.01764,2.296
,,,0.01766,2.288
,,,0.01768,2.296
,,,0.0177,2.288
,,,0.01772,2.288
,,,0.01774,2.296
,,,0.01776,2.296
,,,0.01778,2.288
,,,0.0178,2.288
,,,0.01782,2.288
,,,0.01784,2.288
,,,0.01786,2.288
,,,0.01788,2.288
,,,0.0179,2.288
,,,0.01792,2.288
,,,0.01794,2.288
,,,0.01796,2.288
,,,0.01798,2.28
,,,0.018,2.28
,,,0.01802,2.28
,,,0.01804,2.28
,,,0.01806,2.28
,,,0.01808,2.28
,,,0.0181,2.28
,,,0.01812,2.28
,,,0.01814,2.28
,,,0.01816,2.28
,,,0.01818,2.28
,,,0.0182,2.28
,,,0.01822,2.272
,,,0.01824,2.28
,,,0.01826,2.272
,,,0.01828,2.272
,,,0.0183,2.272
,,,0.01832,2.28
,,,0.01834,2.272
,,,0.01836,2.28
,,,0.01838,2.272
,,,0.0184,2.272
,,,0.01842,2.272
,,,0.01844,2.272
,,,0.01846,2.272
,,,0.01848,2.272
,,,0.0185,2.272
,,,0.01852,2.272
,,,0.01854,2.272
,,,0.01856,2.272
,,,0.01858,2.272
,,,0.0186,2.272
,,,0.01862,2.272
,,,0.01864,2.272
,,,0.01866,2.272
,,,0.01868,2.272
,,,0.0187,2.264
,,,0.01872,2.272
,,,0.01874,2.264
,,,0.01876,2.264
,,,0.01878,2.272
,,,0.0188,2.264
,,,0.01882,2.264
,,,0.01884,2.264
,,,0.01886,2.264
,,,0.01888,2.264
,,,0.0189,2.264
,,,0.01892,2.264
,,,0.01894,2.264
,,,0.01896,2.264
,,,0.01898,2.264
,,,0.019,2.264
,,,0.01902,2.264
,,,0.01904,2.256
,,,0.01906,2.256
,,,0.01908,2.256
,,,0.0191,2.256
,,,0.01912,2.264
,,,0.01914,2.256
,,,0.01916,2.256
,,,0.01918,2.256
,,,0.0192,2.256
,,,0.01922,2.256
,,,0.01924,2.264
,,,0.01926,2.264
,,,0.01928,2.256
,,,0.0193,2.264
,,,0.01932,2.264
,,,0.01934,2.264
,,,0.01936,2.256
,,,0.01938,2.264
,,,0.0194,2.256
,,,0.01942,2.264
,,,0.01944,2.264
,,,0.01946,2.264
,,,0.01948,2.264
,,,0.0195,2.264
,,,0.01952,2.264
,,,0.01954,2.264
,,,0.01956,2.264
,,,0.01958,2.264
,,,0.0196,2.264
,,,0.01962,2.264
,,,0.01964,2.264
,,,0.01966,2.264
,,,0.01968,2.264
,,,0.0197,2.264
,,,0.01972,2.264
,,,0.01974,2.264
,,,0.01976,2.272
,,,0.01978,2.264
,,,0.0198,2.264
,,,0.01982,2.272
,,,0.01984,2.272
,,,0.01986,2.272
,,,0.01988,2.272
,,,0.0199,2.272
,,,0.01992,2.272
,,,0.01994,2.272
,,,0.01996,2.272
,,,0.01998,2.272
,,,0.02,2.272
,,,0.02002,2.272
,,,0.02004,2.272
,,,0.02006,2.272
,,,0.02008,2.28
,,,0.0201,2.28
,,,0.02012,2.28
,,,0.02014,2.272
,,,0.02016,2.28
,,,0.02018,2.272
,,,0.0202,2.272
,,,0.02022,2.28
,,,0.02024,2.28
,,,0.02026,2.28
,,,0.02028,2.28
,,,0.0203,2.28
,,,0.02032,2.28
,,,0.02034,2.28
,,,0.02036,2.28
,,,0.02038,2.28
,,,0.0204,2.28
,,,0.02042,2.28
,,,0.02044,2.28
,,,0.02046,2.28
,,,0.02048,2.28
,,,0.0205,2.28
,,,0.02052,2.28
,,,0.02054,2.28
,,,0.02056,2.28
,,,0.02058,2.288
,,,0.0206,2.28
,,,0.02062,2.288
,,,0.02064,2.28
,,,0.02066,2.288
,,,0.02068,2.288
,,,0.0207,2.288
,,,0.02072,2.288
,,,0.02074,2.288
,,,0.02076,2.288
,,,0.02078,2.288
,,,0.0208,2.28
,,,0.02082,2.288
,,,0.02084,2.288
,,,0.02086,2.288
,,,0.02088,2.288
,,,0.0209,2.288
,,,0.02092,2.288
,,,0.02094,2.288
,,,0.02096,2.288
,,,0.02098,2.288
,,,0.021,2.288
,,,0.02102,2.288
,,,0.02104,2.288
,,,0.02106,2.288
,,,0.02108,2.288
,,,0.0211,2.288
,,,0.02112,2.288
,,,0.02114,2.288
,,,0.02116,2.288
,,,0.02118,2.288
,,,0.0212,2.288
,,,0.02122,2.288
,,,0.02124,2.296
,,,0.02126,2.288
,,,0.02128,2.288
,,,0.0213,2.288
,,,0.02132,2.288
,,,0.02134,2.296
,,,0.02136,2.296
,,,0.02138,2.288
,,,0.0214,2.296
,,,0.02142,2.296
,,,0.02144,2.288
,,,0.02146,2.288
,,,0.02148,2.296
,,,0.0215,2.296
,,,0.02152,2.288
,,,0.02154,2.296
,,,0.02156,2.288
,,,0.02158,2.288
,,,0.0216,2.288
,,,0.02162,2.296
,,,0.02164,2.288
,,,0.02166,2.288
,,,0.02168,2.288
,,,0.0217,2.288
,,,0.02172,2.288
,,,0.02174,2.288
,,,0.02176,2.296
,,,0.02178,2.288
,,,0.0218,2.288
,,,0.02182,2.288
,,,0.02184,2.296
,,,0.02186,2.288
,,,0.02188,2.288
,,,0.0219,2.288
,,,0.02192,2.296
,,,0.02194,2.288
,,,0.02196,2.296
,,,0.02198,2.288
,,,0.022,2.288
,,,0.02202,2.296
,,,0.02204,2.296
,,,0.02206,2.288
,,,0.02208,2.288
,,,0.0221,2.296
,,,0.02212,2.296
,,,0.02214,2.296
,,,0.02216,2.288
,,,0.02218,2.296
