Record Length,2.50E+03,,-0.0025,-5
Sample Interval,2.00E-06,,-0.002498,-5
Trigger Point,1.25E+03,,-0.002496,-5
,,,-0.002494,-5
,,,-0.002492,-5
,,,-0.00249,-5.2
Source,CH2,,-0.002488,-5
Vertical Units,V,,-0.002486,-5
Vertical Scale,5.00E+00,,-0.002484,-5
Vertical Offset,-1.00E+01,,-0.002482,-5
Horizontal Units,s,,-0.00248,-5
Horizontal Scale,5.00E-04,,-0.002478,-5
Pt Fmt,Y,,-0.002476,-5
Yzero,0.00E+00,,-0.002474,-5
Probe Atten,1.00E+00,,-0.002472,-5
Model Number,TBS1102B-EDU,,-0.00247,-5
Serial Number,C023028,,-0.002468,-5
Firmware Version,FV:v4.06,,-0.002466,-4.8
,,,-0.002464,-5
,,,-0.002462,-4.8
,,,-0.00246,-5
,,,-0.002458,-4.8
,,,-0.002456,-4.8
,,,-0.002454,-4.8
,,,-0.002452,-4.8
,,,-0.00245,-5
,,,-0.002448,-4.8
,,,-0.002446,-4.8
,,,-0.002444,-4.8
,,,-0.002442,-4.8
,,,-0.00244,-4.8
,,,-0.002438,-4.8
,,,-0.002436,-4.8
,,,-0.002434,-4.8
,,,-0.002432,-4.8
,,,-0.00243,-4.6
,,,-0.002428,-4.6
,,,-0.002426,-4.6
,,,-0.002424,-4.6
,,,-0.002422,-4.6
,,,-0.00242,-4.4
,,,-0.002418,-4.6
,,,-0.002416,-4.4
,,,-0.002414,-4.4
,,,-0.002412,-4.4
,,,-0.00241,-4.4
,,,-0.002408,-4.4
,,,-0.002406,-4.4
,,,-0.002404,-4.4
,,,-0.002402,-4.2
,,,-0.0024,-4.2
,,,-0.002398,-4.2
,,,-0.002396,-4.2
,,,-0.002394,-4.2
,,,-0.002392,-4.2
,,,-0.00239,-4.2
,,,-0.002388,-4
,,,-0.002386,-4
,,,-0.002384,-4
,,,-0.002382,-4
,,,-0.00238,-3.8
,,,-0.002378,-3.8
,,,-0.002376,-3.8
,,,-0.002374,-3.8
,,,-0.002372,-3.8
,,,-0.00237,-3.6
,,,-0.002368,-3.8
,,,-0.002366,-3.6
,,,-0.002364,-3.6
,,,-0.002362,-3.6
,,,-0.00236,-3.6
,,,-0.002358,-3.4
,,,-0.002356,-3.4
,,,-0.002354,-3.4
,,,-0.002352,-3.4
,,,-0.00235,-3.4
,,,-0.002348,-3.2
,,,-0.002346,-3.2
,,,-0.002344,-3.2
,,,-0.002342,-3.2
,,,-0.00234,-3
,,,-0.002338,-3
,,,-0.002336,-3
,,,-0.002334,-3
,,,-0.002332,-2.8
,,,-0.00233,-2.8
,,,-0.002328,-2.8
,,,-0.002326,-2.8
,,,-0.002324,-2.8
,,,-0.002322,-2.8
,,,-0.00232,-2.6
,,,-0.002318,-2.6
,,,-0.002316,-2.6
,,,-0.002314,-2.4
,,,-0.002312,-2.4
,,,-0.00231,-2.4
,,,-0.002308,-2.4
,,,-0.002306,-2.4
,,,-0.002304,-2.2
,,,-0.002302,-2.2
,,,-0.0023,-2.2
,,,-0.002298,-2
,,,-0.002296,-2
,,,-0.002294,-2
,,,-0.002292,-2
,,,-0.00229,-2
,,,-0.002288,-1.8
,,,-0.002286,-1.8
,,,-0.002284,-1.8
,,,-0.002282,-1.6
,,,-0.00228,-1.8
,,,-0.002278,-1.6
,,,-0.002276,-1.6
,,,-0.002274,-1.6
,,,-0.002272,-1.4
,,,-0.00227,-1.4
,,,-0.002268,-1.2
,,,-0.002266,-1.2
,,,-0.002264,-1.2
,,,-0.002262,-1.2
,,,-0.00226,-1
,,,-0.002258,-1.2
,,,-0.002256,-1
,,,-0.002254,-1
,,,-0.002252,-1
,,,-0.00225,-0.8
,,,-0.002248,-1
,,,-0.002246,-0.8
,,,-0.002244,-0.8
,,,-0.002242,-0.6
,,,-0.00224,-0.6
,,,-0.002238,-0.6
,,,-0.002236,-0.4
,,,-0.002234,-0.6
,,,-0.002232,-0.4
,,,-0.00223,-0.4
,,,-0.002228,-0.2
,,,-0.002226,-0.2
,,,-0.002224,-0.2
,,,-0.002222,-0.2
,,,-0.00222,0
,,,-0.002218,0
,,,-0.002216,0
,,,-0.002214,0
,,,-0.002212,0.2
,,,-0.00221,0.2
,,,-0.002208,0.2
,,,-0.002206,0.4
,,,-0.002204,0.4
,,,-0.002202,0.4
,,,-0.0022,0.4
,,,-0.002198,0.6
,,,-0.002196,0.6
,,,-0.002194,0.6
,,,-0.002192,0.6
,,,-0.00219,0.8
,,,-0.002188,0.8
,,,-0.002186,0.8
,,,-0.002184,0.8
,,,-0.002182,1
,,,-0.00218,1
,,,-0.002178,1
,,,-0.002176,1
,,,-0.002174,1.2
,,,-0.002172,1.2
,,,-0.00217,1.4
,,,-0.002168,1.4
,,,-0.002166,1.4
,,,-0.002164,1.4
,,,-0.002162,1.4
,,,-0.00216,1.4
,,,-0.002158,1.6
,,,-0.002156,1.6
,,,-0.002154,1.8
,,,-0.002152,1.6
,,,-0.00215,1.8
,,,-0.002148,1.8
,,,-0.002146,1.8
,,,-0.002144,1.8
,,,-0.002142,2
,,,-0.00214,2
,,,-0.002138,2
,,,-0.002136,2.2
,,,-0.002134,2.2
,,,-0.002132,2.2
,,,-0.00213,2.2
,,,-0.002128,2.4
,,,-0.002126,2.4
,,,-0.002124,2.4
,,,-0.002122,2.4
,,,-0.00212,2.4
,,,-0.002118,2.6
,,,-0.002116,2.6
,,,-0.002114,2.6
,,,-0.002112,2.8
,,,-0.00211,2.8
,,,-0.002108,2.8
,,,-0.002106,2.8
,,,-0.002104,2.8
,,,-0.002102,3
,,,-0.0021,3
,,,-0.002098,3
,,,-0.002096,3
,,,-0.002094,3.2
,,,-0.002092,3.2
,,,-0.00209,3.2
,,,-0.002088,3.2
,,,-0.002086,3.2
,,,-0.002084,3.2
,,,-0.002082,3.4
,,,-0.00208,3.2
,,,-0.002078,3.2
,,,-0.002076,3.4
,,,-0.002074,3.4
,,,-0.002072,3.4
,,,-0.00207,3.4
,,,-0.002068,3.6
,,,-0.002066,3.6
,,,-0.002064,3.6
,,,-0.002062,3.8
,,,-0.00206,3.6
,,,-0.002058,3.8
,,,-0.002056,3.8
,,,-0.002054,3.8
,,,-0.002052,3.8
,,,-0.00205,3.8
,,,-0.002048,4
,,,-0.002046,4
,,,-0.002044,4
,,,-0.002042,4
,,,-0.00204,4
,,,-0.002038,4
,,,-0.002036,4.2
,,,-0.002034,4
,,,-0.002032,4.2
,,,-0.00203,4.2
,,,-0.002028,4.2
,,,-0.002026,4.2
,,,-0.002024,4.2
,,,-0.002022,4.4
,,,-0.00202,4.2
,,,-0.002018,4.4
,,,-0.002016,4.4
,,,-0.002014,4.4
,,,-0.002012,4.4
,,,-0.00201,4.4
,,,-0.002008,4.4
,,,-0.002006,4.4
,,,-0.002004,4.4
,,,-0.002002,4.4
,,,-0.002,4.4
,,,-0.001998,4.4
,,,-0.001996,4.6
,,,-0.001994,4.4
,,,-0.001992,4.6
,,,-0.00199,4.6
,,,-0.001988,4.8
,,,-0.001986,4.6
,,,-0.001984,4.8
,,,-0.001982,4.8
,,,-0.00198,4.8
,,,-0.001978,4.6
,,,-0.001976,4.6
,,,-0.001974,4.8
,,,-0.001972,4.8
,,,-0.00197,4.6
,,,-0.001968,4.6
,,,-0.001966,4.6
,,,-0.001964,4.6
,,,-0.001962,4.6
,,,-0.00196,4.6
,,,-0.001958,4.4
,,,-0.001956,4.4
,,,-0.001954,4.4
,,,-0.001952,4.4
,,,-0.00195,4.4
,,,-0.001948,4.4
,,,-0.001946,4.4
,,,-0.001944,4.4
,,,-0.001942,4.4
,,,-0.00194,4.4
,,,-0.001938,4.4
,,,-0.001936,4.4
,,,-0.001934,4.2
,,,-0.001932,4.4
,,,-0.00193,4.2
,,,-0.001928,4.2
,,,-0.001926,4.2
,,,-0.001924,4.2
,,,-0.001922,4
,,,-0.00192,4.2
,,,-0.001918,4.2
,,,-0.001916,4
,,,-0.001914,4
,,,-0.001912,4
,,,-0.00191,4
,,,-0.001908,4
,,,-0.001906,4
,,,-0.001904,3.8
,,,-0.001902,4
,,,-0.0019,3.8
,,,-0.001898,3.8
,,,-0.001896,3.8
,,,-0.001894,3.8
,,,-0.001892,3.8
,,,-0.00189,3.6
,,,-0.001888,3.6
,,,-0.001886,3.6
,,,-0.001884,3.6
,,,-0.001882,3.6
,,,-0.00188,3.4
,,,-0.001878,3.4
,,,-0.001876,3.4
,,,-0.001874,3.4
,,,-0.001872,3.4
,,,-0.00187,3.4
,,,-0.001868,3.2
,,,-0.001866,3.2
,,,-0.001864,3.2
,,,-0.001862,3.2
,,,-0.00186,3.2
,,,-0.001858,3
,,,-0.001856,3
,,,-0.001854,3
,,,-0.001852,3
,,,-0.00185,3
,,,-0.001848,3
,,,-0.001846,3
,,,-0.001844,2.8
,,,-0.001842,2.8
,,,-0.00184,2.6
,,,-0.001838,2.6
,,,-0.001836,2.6
,,,-0.001834,2.6
,,,-0.001832,2.6
,,,-0.00183,2.4
,,,-0.001828,2.4
,,,-0.001826,2.4
,,,-0.001824,2.4
,,,-0.001822,2.4
,,,-0.00182,2.4
,,,-0.001818,2.2
,,,-0.001816,2.2
,,,-0.001814,2.2
,,,-0.001812,2
,,,-0.00181,2
,,,-0.001808,2
,,,-0.001806,1.8
,,,-0.001804,2
,,,-0.001802,1.8
,,,-0.0018,1.8
,,,-0.001798,1.8
,,,-0.001796,1.8
,,,-0.001794,1.6
,,,-0.001792,1.6
,,,-0.00179,1.6
,,,-0.001788,1.6
,,,-0.001786,1.4
,,,-0.001784,1.4
,,,-0.001782,1.4
,,,-0.00178,1.4
,,,-0.001778,1.2
,,,-0.001776,1.2
,,,-0.001774,1.2
,,,-0.001772,1.2
,,,-0.00177,1
,,,-0.001768,1
,,,-0.001766,1
,,,-0.001764,1
,,,-0.001762,1
,,,-0.00176,0.8
,,,-0.001758,0.8
,,,-0.001756,0.8
,,,-0.001754,0.8
,,,-0.001752,0.6
,,,-0.00175,0.6
,,,-0.001748,0.6
,,,-0.001746,0.4
,,,-0.001744,0.4
,,,-0.001742,0.4
,,,-0.00174,0.2
,,,-0.001738,0.2
,,,-0.001736,0.2
,,,-0.001734,0.2
,,,-0.001732,0.2
,,,-0.00173,0
,,,-0.001728,0
,,,-0.001726,-0.2
,,,-0.001724,-0.2
,,,-0.001722,-0.2
,,,-0.00172,-0.2
,,,-0.001718,-0.4
,,,-0.001716,-0.2
,,,-0.001714,-0.4
,,,-0.001712,-0.4
,,,-0.00171,-0.4
,,,-0.001708,-0.6
,,,-0.001706,-0.6
,,,-0.001704,-0.8
,,,-0.001702,-0.6
,,,-0.0017,-0.8
,,,-0.001698,-0.8
,,,-0.001696,-0.8
,,,-0.001694,-1
,,,-0.001692,-1
,,,-0.00169,-1
,,,-0.001688,-1
,,,-0.001686,-1
,,,-0.001684,-1
,,,-0.001682,-1
,,,-0.00168,-1.2
,,,-0.001678,-1.2
,,,-0.001676,-1.2
,,,-0.001674,-1.4
,,,-0.001672,-1.4
,,,-0.00167,-1.6
,,,-0.001668,-1.4
,,,-0.001666,-1.6
,,,-0.001664,-1.6
,,,-0.001662,-1.6
,,,-0.00166,-1.8
,,,-0.001658,-1.8
,,,-0.001656,-1.8
,,,-0.001654,-1.8
,,,-0.001652,-2
,,,-0.00165,-2
,,,-0.001648,-2
,,,-0.001646,-2
,,,-0.001644,-2
,,,-0.001642,-2.2
,,,-0.00164,-2.2
,,,-0.001638,-2.2
,,,-0.001636,-2.2
,,,-0.001634,-2.2
,,,-0.001632,-2.4
,,,-0.00163,-2.4
,,,-0.001628,-2.6
,,,-0.001626,-2.6
,,,-0.001624,-2.6
,,,-0.001622,-2.6
,,,-0.00162,-2.6
,,,-0.001618,-2.6
,,,-0.001616,-2.8
,,,-0.001614,-2.8
,,,-0.001612,-2.8
,,,-0.00161,-2.8
,,,-0.001608,-2.8
,,,-0.001606,-3
,,,-0.001604,-2.8
,,,-0.001602,-3
,,,-0.0016,-3
,,,-0.001598,-3
,,,-0.001596,-3
,,,-0.001594,-3.2
,,,-0.001592,-3.2
,,,-0.00159,-3.2
,,,-0.001588,-3.2
,,,-0.001586,-3.2
,,,-0.001584,-3.4
,,,-0.001582,-3.4
,,,-0.00158,-3.4
,,,-0.001578,-3.6
,,,-0.001576,-3.6
,,,-0.001574,-3.6
,,,-0.001572,-3.6
,,,-0.00157,-3.6
,,,-0.001568,-3.8
,,,-0.001566,-3.8
,,,-0.001564,-3.8
,,,-0.001562,-3.6
,,,-0.00156,-3.8
,,,-0.001558,-3.8
,,,-0.001556,-3.8
,,,-0.001554,-3.8
,,,-0.001552,-3.8
,,,-0.00155,-4
,,,-0.001548,-4
,,,-0.001546,-4.2
,,,-0.001544,-4.2
,,,-0.001542,-4.2
,,,-0.00154,-4.2
,,,-0.001538,-4.2
,,,-0.001536,-4.2
,,,-0.001534,-4.2
,,,-0.001532,-4.4
,,,-0.00153,-4.4
,,,-0.001528,-4.4
,,,-0.001526,-4.4
,,,-0.001524,-4.4
,,,-0.001522,-4.4
,,,-0.00152,-4.6
,,,-0.001518,-4.4
,,,-0.001516,-4.4
,,,-0.001514,-4.6
,,,-0.001512,-4.6
,,,-0.00151,-4.6
,,,-0.001508,-4.6
,,,-0.001506,-4.6
,,,-0.001504,-4.6
,,,-0.001502,-4.6
,,,-0.0015,-4.6
,,,-0.001498,-4.8
,,,-0.001496,-4.8
,,,-0.001494,-4.8
,,,-0.001492,-4.8
,,,-0.00149,-4.8
,,,-0.001488,-4.8
,,,-0.001486,-4.8
,,,-0.001484,-4.8
,,,-0.001482,-4.8
,,,-0.00148,-4.8
,,,-0.001478,-4.8
,,,-0.001476,-4.8
,,,-0.001474,-4.8
,,,-0.001472,-4.8
,,,-0.00147,-4.8
,,,-0.001468,-5
,,,-0.001466,-5
,,,-0.001464,-5
,,,-0.001462,-5
,,,-0.00146,-5
,,,-0.001458,-4.8
,,,-0.001456,-5
,,,-0.001454,-5
,,,-0.001452,-5
,,,-0.00145,-5
,,,-0.001448,-5
,,,-0.001446,-5
,,,-0.001444,-5
,,,-0.001442,-5
,,,-0.00144,-5
,,,-0.001438,-5
,,,-0.001436,-5
,,,-0.001434,-5
,,,-0.001432,-5
,,,-0.00143,-5
,,,-0.001428,-5
,,,-0.001426,-5
,,,-0.001424,-5
,,,-0.001422,-5
,,,-0.00142,-5
,,,-0.001418,-5
,,,-0.001416,-5
,,,-0.001414,-5
,,,-0.001412,-5
,,,-0.00141,-5
,,,-0.001408,-5
,,,-0.001406,-5
,,,-0.001404,-5
,,,-0.001402,-5
,,,-0.0014,-5
,,,-0.001398,-5
,,,-0.001396,-5
,,,-0.001394,-5
,,,-0.001392,-5
,,,-0.00139,-5
,,,-0.001388,-5
,,,-0.001386,-5
,,,-0.001384,-5
,,,-0.001382,-4.8
,,,-0.00138,-5
,,,-0.001378,-5
,,,-0.001376,-4.8
,,,-0.001374,-4.8
,,,-0.001372,-4.8
,,,-0.00137,-4.8
,,,-0.001368,-4.8
,,,-0.001366,-4.8
,,,-0.001364,-4.8
,,,-0.001362,-4.8
,,,-0.00136,-4.8
,,,-0.001358,-4.8
,,,-0.001356,-4.8
,,,-0.001354,-4.8
,,,-0.001352,-4.6
,,,-0.00135,-4.8
,,,-0.001348,-4.6
,,,-0.001346,-4.6
,,,-0.001344,-4.6
,,,-0.001342,-4.6
,,,-0.00134,-4.6
,,,-0.001338,-4.6
,,,-0.001336,-4.6
,,,-0.001334,-4.4
,,,-0.001332,-4.4
,,,-0.00133,-4.4
,,,-0.001328,-4.4
,,,-0.001326,-4.4
,,,-0.001324,-4.4
,,,-0.001322,-4.2
,,,-0.00132,-4.4
,,,-0.001318,-4.4
,,,-0.001316,-4.4
,,,-0.001314,-4.2
,,,-0.001312,-4.2
,,,-0.00131,-4.2
,,,-0.001308,-4
,,,-0.001306,-4.2
,,,-0.001304,-4
,,,-0.001302,-4.2
,,,-0.0013,-4
,,,-0.001298,-4
,,,-0.001296,-3.8
,,,-0.001294,-3.8
,,,-0.001292,-3.8
,,,-0.00129,-3.8
,,,-0.001288,-3.8
,,,-0.001286,-3.6
,,,-0.001284,-3.6
,,,-0.001282,-3.6
,,,-0.00128,-3.6
,,,-0.001278,-3.6
,,,-0.001276,-3.4
,,,-0.001274,-3.4
,,,-0.001272,-3.4
,,,-0.00127,-3.4
,,,-0.001268,-3.2
,,,-0.001266,-3.4
,,,-0.001264,-3.2
,,,-0.001262,-3.2
,,,-0.00126,-3.2
,,,-0.001258,-3
,,,-0.001256,-3
,,,-0.001254,-3
,,,-0.001252,-3
,,,-0.00125,-3
,,,-0.001248,-3
,,,-0.001246,-2.8
,,,-0.001244,-2.8
,,,-0.001242,-2.8
,,,-0.00124,-2.8
,,,-0.001238,-2.6
,,,-0.001236,-2.6
,,,-0.001234,-2.6
,,,-0.001232,-2.6
,,,-0.00123,-2.4
,,,-0.001228,-2.4
,,,-0.001226,-2.4
,,,-0.001224,-2.4
,,,-0.001222,-2.2
,,,-0.00122,-2.2
,,,-0.001218,-2.2
,,,-0.001216,-2.2
,,,-0.001214,-2
,,,-0.001212,-2
,,,-0.00121,-2
,,,-0.001208,-2
,,,-0.001206,-2
,,,-0.001204,-1.8
,,,-0.001202,-1.8
,,,-0.0012,-1.8
,,,-0.001198,-1.6
,,,-0.001196,-1.6
,,,-0.001194,-1.6
,,,-0.001192,-1.4
,,,-0.00119,-1.4
,,,-0.001188,-1.4
,,,-0.001186,-1.4
,,,-0.001184,-1.4
,,,-0.001182,-1.2
,,,-0.00118,-1.2
,,,-0.001178,-1.2
,,,-0.001176,-1
,,,-0.001174,-1
,,,-0.001172,-1
,,,-0.00117,-1
,,,-0.001168,-1
,,,-0.001166,-0.8
,,,-0.001164,-0.8
,,,-0.001162,-0.8
,,,-0.00116,-0.8
,,,-0.001158,-0.8
,,,-0.001156,-0.6
,,,-0.001154,-0.6
,,,-0.001152,-0.6
,,,-0.00115,-0.6
,,,-0.001148,-0.4
,,,-0.001146,-0.4
,,,-0.001144,-0.4
,,,-0.001142,-0.2
,,,-0.00114,-0.2
,,,-0.001138,-0.2
,,,-0.001136,0
,,,-0.001134,0
,,,-0.001132,0
,,,-0.00113,0.2
,,,-0.001128,0.2
,,,-0.001126,0.2
,,,-0.001124,0.4
,,,-0.001122,0.2
,,,-0.00112,0.4
,,,-0.001118,0.4
,,,-0.001116,0.4
,,,-0.001114,0.6
,,,-0.001112,0.6
,,,-0.00111,0.6
,,,-0.001108,0.8
,,,-0.001106,0.8
,,,-0.001104,0.8
,,,-0.001102,1
,,,-0.0011,1
,,,-0.001098,1
,,,-0.001096,1
,,,-0.001094,1.2
,,,-0.001092,1.2
,,,-0.00109,1.2
,,,-0.001088,1.2
,,,-0.001086,1.2
,,,-0.001084,1.2
,,,-0.001082,1.4
,,,-0.00108,1.4
,,,-0.001078,1.4
,,,-0.001076,1.6
,,,-0.001074,1.6
,,,-0.001072,1.6
,,,-0.00107,1.6
,,,-0.001068,1.8
,,,-0.001066,1.8
,,,-0.001064,1.8
,,,-0.001062,1.8
,,,-0.00106,2
,,,-0.001058,2
,,,-0.001056,2
,,,-0.001054,2
,,,-0.001052,2.2
,,,-0.00105,2.2
,,,-0.001048,2.2
,,,-0.001046,2.2
,,,-0.001044,2.4
,,,-0.001042,2.4
,,,-0.00104,2.4
,,,-0.001038,2.4
,,,-0.001036,2.6
,,,-0.001034,2.6
,,,-0.001032,2.6
,,,-0.00103,2.8
,,,-0.001028,2.6
,,,-0.001026,2.8
,,,-0.001024,2.8
,,,-0.001022,2.8
,,,-0.00102,2.8
,,,-0.001018,3
,,,-0.001016,3
,,,-0.001014,3
,,,-0.001012,3
,,,-0.00101,3.2
,,,-0.001008,3
,,,-0.001006,3.2
,,,-0.001004,3.2
,,,-0.001002,3.2
,,,-0.001,3.2
,,,-0.000998,3.4
,,,-0.000996,3.4
,,,-0.000994,3.4
,,,-0.000992,3.4
,,,-0.00099,3.4
,,,-0.000988,3.4
,,,-0.000986,3.6
,,,-0.000984,3.6
,,,-0.000982,3.6
,,,-0.00098,3.6
,,,-0.000978,3.6
,,,-0.000976,3.8
,,,-0.000974,3.8
,,,-0.000972,3.8
,,,-0.00097,3.8
,,,-0.000968,3.8
,,,-0.000966,3.8
,,,-0.000964,3.8
,,,-0.000962,3.8
,,,-0.00096,4
,,,-0.000958,4
,,,-0.000956,4
,,,-0.000954,4
,,,-0.000952,4
,,,-0.00095,4.2
,,,-0.000948,4.2
,,,-0.000946,4
,,,-0.000944,4.2
,,,-0.000942,4.2
,,,-0.00094,4.2
,,,-0.000938,4.2
,,,-0.000936,4.2
,,,-0.000934,4.4
,,,-0.000932,4.4
,,,-0.00093,4.2
,,,-0.000928,4.4
,,,-0.000926,4.4
,,,-0.000924,4.4
,,,-0.000922,4.4
,,,-0.00092,4.4
,,,-0.000918,4.4
,,,-0.000916,4.6
,,,-0.000914,4.6
,,,-0.000912,4.4
,,,-0.00091,4.6
,,,-0.000908,4.6
,,,-0.000906,4.6
,,,-0.000904,4.6
,,,-0.000902,4.8
,,,-0.0009,4.8
,,,-0.000898,4.8
,,,-0.000896,4.8
,,,-0.000894,4.8
,,,-0.000892,4.8
,,,-0.00089,4.8
,,,-0.000888,4.8
,,,-0.000886,4.6
,,,-0.000884,4.6
,,,-0.000882,4.6
,,,-0.00088,4.6
,,,-0.000878,4.6
,,,-0.000876,4.6
,,,-0.000874,4.6
,,,-0.000872,4.4
,,,-0.00087,4.4
,,,-0.000868,4.4
,,,-0.000866,4.4
,,,-0.000864,4.4
,,,-0.000862,4.4
,,,-0.00086,4.4
,,,-0.000858,4.4
,,,-0.000856,4.4
,,,-0.000854,4.4
,,,-0.000852,4.4
,,,-0.00085,4.2
,,,-0.000848,4.2
,,,-0.000846,4.2
,,,-0.000844,4.2
,,,-0.000842,4.2
,,,-0.00084,4.2
,,,-0.000838,4.2
,,,-0.000836,4.2
,,,-0.000834,4
,,,-0.000832,4
,,,-0.00083,4
,,,-0.000828,4
,,,-0.000826,4
,,,-0.000824,4
,,,-0.000822,4
,,,-0.00082,3.8
,,,-0.000818,3.8
,,,-0.000816,3.8
,,,-0.000814,3.8
,,,-0.000812,3.8
,,,-0.00081,3.8
,,,-0.000808,3.8
,,,-0.000806,3.6
,,,-0.000804,3.6
,,,-0.000802,3.6
,,,-0.0008,3.6
,,,-0.000798,3.4
,,,-0.000796,3.6
,,,-0.000794,3.4
,,,-0.000792,3.4
,,,-0.00079,3.4
,,,-0.000788,3.2
,,,-0.000786,3.4
,,,-0.000784,3.2
,,,-0.000782,3.2
,,,-0.00078,3.2
,,,-0.000778,3.2
,,,-0.000776,3.2
,,,-0.000774,3
,,,-0.000772,3
,,,-0.00077,3
,,,-0.000768,3
,,,-0.000766,3
,,,-0.000764,3
,,,-0.000762,2.8
,,,-0.00076,2.8
,,,-0.000758,2.8
,,,-0.000756,2.6
,,,-0.000754,2.6
,,,-0.000752,2.6
,,,-0.00075,2.6
,,,-0.000748,2.6
,,,-0.000746,2.6
,,,-0.000744,2.4
,,,-0.000742,2.4
,,,-0.00074,2.4
,,,-0.000738,2.4
,,,-0.000736,2.2
,,,-0.000734,2.2
,,,-0.000732,2.2
,,,-0.00073,2.2
,,,-0.000728,2
,,,-0.000726,2.2
,,,-0.000724,2
,,,-0.000722,2
,,,-0.00072,1.8
,,,-0.000718,1.8
,,,-0.000716,1.8
,,,-0.000714,1.8
,,,-0.000712,1.8
,,,-0.00071,1.6
,,,-0.000708,1.6
,,,-0.000706,1.6
,,,-0.000704,1.6
,,,-0.000702,1.4
,,,-0.0007,1.4
,,,-0.000698,1.4
,,,-0.000696,1.2
,,,-0.000694,1.2
,,,-0.000692,1.2
,,,-0.00069,1.2
,,,-0.000688,1
,,,-0.000686,1
,,,-0.000684,1
,,,-0.000682,1
,,,-0.00068,1
,,,-0.000678,0.8
,,,-0.000676,0.8
,,,-0.000674,0.8
,,,-0.000672,0.8
,,,-0.00067,0.6
,,,-0.000668,0.6
,,,-0.000666,0.6
,,,-0.000664,0.6
,,,-0.000662,0.4
,,,-0.00066,0.4
,,,-0.000658,0.4
,,,-0.000656,0.4
,,,-0.000654,0.2
,,,-0.000652,0.4
,,,-0.00065,0
,,,-0.000648,0
,,,-0.000646,0
,,,-0.000644,0
,,,-0.000642,-0.2
,,,-0.00064,-0.2
,,,-0.000638,-0.2
,,,-0.000636,-0.2
,,,-0.000634,-0.4
,,,-0.000632,-0.4
,,,-0.00063,-0.4
,,,-0.000628,-0.4
,,,-0.000626,-0.6
,,,-0.000624,-0.6
,,,-0.000622,-0.6
,,,-0.00062,-0.6
,,,-0.000618,-0.8
,,,-0.000616,-0.8
,,,-0.000614,-0.8
,,,-0.000612,-0.8
,,,-0.00061,-0.8
,,,-0.000608,-0.8
,,,-0.000606,-1
,,,-0.000604,-1
,,,-0.000602,-1
,,,-0.0006,-1.2
,,,-0.000598,-1.2
,,,-0.000596,-1.2
,,,-0.000594,-1.2
,,,-0.000592,-1.2
,,,-0.00059,-1.4
,,,-0.000588,-1.4
,,,-0.000586,-1.6
,,,-0.000584,-1.4
,,,-0.000582,-1.6
,,,-0.00058,-1.6
,,,-0.000578,-1.6
,,,-0.000576,-1.8
,,,-0.000574,-1.8
,,,-0.000572,-1.8
,,,-0.00057,-1.8
,,,-0.000568,-2
,,,-0.000566,-2
,,,-0.000564,-2
,,,-0.000562,-2
,,,-0.00056,-2.2
,,,-0.000558,-2.2
,,,-0.000556,-2.2
,,,-0.000554,-2.2
,,,-0.000552,-2.4
,,,-0.00055,-2.4
,,,-0.000548,-2.4
,,,-0.000546,-2.4
,,,-0.000544,-2.4
,,,-0.000542,-2.6
,,,-0.00054,-2.6
,,,-0.000538,-2.6
,,,-0.000536,-2.6
,,,-0.000534,-2.8
,,,-0.000532,-2.8
,,,-0.00053,-2.8
,,,-0.000528,-2.8
,,,-0.000526,-2.8
,,,-0.000524,-2.8
,,,-0.000522,-3
,,,-0.00052,-3
,,,-0.000518,-3
,,,-0.000516,-3
,,,-0.000514,-3.2
,,,-0.000512,-3.2
,,,-0.00051,-3.2
,,,-0.000508,-3.2
,,,-0.000506,-3.2
,,,-0.000504,-3.4
,,,-0.000502,-3.4
,,,-0.0005,-3.4
,,,-0.000498,-3.4
,,,-0.000496,-3.4
,,,-0.000494,-3.4
,,,-0.000492,-3.4
,,,-0.00049,-3.6
,,,-0.000488,-3.6
,,,-0.000486,-3.6
,,,-0.000484,-3.6
,,,-0.000482,-3.6
,,,-0.00048,-3.6
,,,-0.000478,-3.8
,,,-0.000476,-3.8
,,,-0.000474,-3.8
,,,-0.000472,-3.8
,,,-0.00047,-4
,,,-0.000468,-4.2
,,,-0.000466,-4
,,,-0.000464,-4
,,,-0.000462,-4
,,,-0.00046,-4.2
,,,-0.000458,-4.2
,,,-0.000456,-4.2
,,,-0.000454,-4.2
,,,-0.000452,-4.4
,,,-0.00045,-4.4
,,,-0.000448,-4.2
,,,-0.000446,-4.4
,,,-0.000444,-4.4
,,,-0.000442,-4.4
,,,-0.00044,-4.4
,,,-0.000438,-4.4
,,,-0.000436,-4.4
,,,-0.000434,-4.4
,,,-0.000432,-4.6
,,,-0.00043,-4.6
,,,-0.000428,-4.6
,,,-0.000426,-4.6
,,,-0.000424,-4.8
,,,-0.000422,-4.6
,,,-0.00042,-4.6
,,,-0.000418,-4.6
,,,-0.000416,-4.8
,,,-0.000414,-4.6
,,,-0.000412,-4.8
,,,-0.00041,-4.8
,,,-0.000408,-4.8
,,,-0.000406,-4.8
,,,-0.000404,-4.8
,,,-0.000402,-4.8
,,,-0.0004,-4.8
,,,-0.000398,-4.8
,,,-0.000396,-4.8
,,,-0.000394,-4.8
,,,-0.000392,-5
,,,-0.00039,-4.8
,,,-0.000388,-4.8
,,,-0.000386,-4.8
,,,-0.000384,-5
,,,-0.000382,-5
,,,-0.00038,-5
,,,-0.000378,-4.8
,,,-0.000376,-5
,,,-0.000374,-5
,,,-0.000372,-4.8
,,,-0.00037,-5
,,,-0.000368,-5
,,,-0.000366,-5
,,,-0.000364,-5
,,,-0.000362,-5
,,,-0.00036,-5
,,,-0.000358,-5
,,,-0.000356,-5
,,,-0.000354,-5
,,,-0.000352,-5
,,,-0.00035,-5
,,,-0.000348,-5
,,,-0.000346,-5
,,,-0.000344,-5
,,,-0.000342,-5
,,,-0.00034,-5
,,,-0.000338,-5
,,,-0.000336,-5
,,,-0.000334,-5
,,,-0.000332,-5
,,,-0.00033,-5
,,,-0.000328,-5
,,,-0.000326,-5
,,,-0.000324,-5
,,,-0.000322,-5
,,,-0.00032,-5
,,,-0.000318,-5
,,,-0.000316,-5
,,,-0.000314,-5
,,,-0.000312,-5
,,,-0.00031,-5
,,,-0.000308,-5
,,,-0.000306,-4.8
,,,-0.000304,-5
,,,-0.000302,-5
,,,-0.0003,-4.8
,,,-0.000298,-4.8
,,,-0.000296,-5
,,,-0.000294,-4.8
,,,-0.000292,-4.8
,,,-0.00029,-4.8
,,,-0.000288,-4.8
,,,-0.000286,-4.8
,,,-0.000284,-4.8
,,,-0.000282,-4.8
,,,-0.00028,-4.8
,,,-0.000278,-4.8
,,,-0.000276,-4.8
,,,-0.000274,-4.8
,,,-0.000272,-4.8
,,,-0.00027,-4.8
,,,-0.000268,-4.6
,,,-0.000266,-4.6
,,,-0.000264,-4.8
,,,-0.000262,-4.6
,,,-0.00026,-4.6
,,,-0.000258,-4.6
,,,-0.000256,-4.6
,,,-0.000254,-4.6
,,,-0.000252,-4.4
,,,-0.00025,-4.6
,,,-0.000248,-4.4
,,,-0.000246,-4.4
,,,-0.000244,-4.4
,,,-0.000242,-4.4
,,,-0.00024,-4.2
,,,-0.000238,-4.4
,,,-0.000236,-4.2
,,,-0.000234,-4.4
,,,-0.000232,-4.2
,,,-0.00023,-4.2
,,,-0.000228,-4.2
,,,-0.000226,-4.2
,,,-0.000224,-4
,,,-0.000222,-4
,,,-0.00022,-4.2
,,,-0.000218,-4
,,,-0.000216,-4
,,,-0.000214,-3.8
,,,-0.000212,-3.8
,,,-0.00021,-3.8
,,,-0.000208,-3.8
,,,-0.000206,-3.8
,,,-0.000204,-3.8
,,,-0.000202,-3.6
,,,-0.0002,-3.6
,,,-0.000198,-3.6
,,,-0.000196,-3.4
,,,-0.000194,-3.6
,,,-0.000192,-3.4
,,,-0.00019,-3.4
,,,-0.000188,-3.4
,,,-0.000186,-3.4
,,,-0.000184,-3.2
,,,-0.000182,-3.2
,,,-0.00018,-3.2
,,,-0.000178,-3.2
,,,-0.000176,-3.2
,,,-0.000174,-3
,,,-0.000172,-3
,,,-0.00017,-3
,,,-0.000168,-3
,,,-0.000166,-2.8
,,,-0.000164,-2.8
,,,-0.000162,-2.8
,,,-0.00016,-2.8
,,,-0.000158,-2.8
,,,-0.000156,-2.8
,,,-0.000154,-2.6
,,,-0.000152,-2.6
,,,-0.00015,-2.6
,,,-0.000148,-2.6
,,,-0.000146,-2.4
,,,-0.000144,-2.4
,,,-0.000142,-2.4
,,,-0.00014,-2.4
,,,-0.000138,-2.2
,,,-0.000136,-2.2
,,,-0.000134,-2.2
,,,-0.000132,-2.2
,,,-0.00013,-2
,,,-0.000128,-2
,,,-0.000126,-2
,,,-0.000124,-2
,,,-0.000122,-1.8
,,,-0.00012,-1.8
,,,-0.000118,-1.8
,,,-0.000116,-1.8
,,,-0.000114,-1.6
,,,-0.000112,-1.6
,,,-0.00011,-1.6
,,,-0.000108,-1.4
,,,-0.000106,-1.4
,,,-0.000104,-1.4
,,,-0.000102,-1.4
,,,-0.0001,-1.4
,,,-0.000098,-1.2
,,,-0.000096,-1.2
,,,-0.000094,-1.2
,,,-0.000092,-1.2
,,,-0.00009,-1
,,,-0.000088,-1
,,,-0.000086,-1
,,,-0.000084,-1
,,,-0.000082,-0.8
,,,-0.00008,-0.8
,,,-0.000078,-0.8
,,,-0.000076,-0.8
,,,-0.000074,-0.6
,,,-0.000072,-0.6
,,,-0.00007,-0.6
,,,-0.000068,-0.4
,,,-0.000066,-0.4
,,,-0.000064,-0.4
,,,-0.000062,-0.4
,,,-0.00006,-0.4
,,,-0.000058,-0.2
,,,-0.000056,-0.2
,,,-0.000054,-0.2
,,,-0.000052,0
,,,-0.00005,0
,,,-0.000048,0
,,,-0.000046,0
,,,-0.000044,0.2
,,,-0.000042,0.2
,,,-0.00004,0.2
,,,-0.000038,0.2
,,,-0.000036,0.4
,,,-0.000034,0.4
,,,-0.000032,0.4
,,,-0.00003,0.4
,,,-0.000028,0.6
,,,-0.000026,0.6
,,,-0.000024,0.8
,,,-0.000022,0.6
,,,-0.00002,0.8
,,,-0.000018,1
,,,-0.000016,0.8
,,,-0.000014,1
,,,-0.000012,1
,,,-0.00001,1.2
,,,-0.000008,1.2
,,,-0.000006,1.2
,,,-0.000004,1.2
,,,-0.000002,1.2
,,,0,1.4
,,,0.000002,1.4
,,,0.000004,1.4
,,,0.000006,1.6
,,,0.000008,1.4
,,,0.00001,1.6
,,,0.000012,1.6
,,,0.000014,1.8
,,,0.000016,1.8
,,,0.000018,1.8
,,,0.00002,1.8
,,,0.000022,1.8
,,,0.000024,2
,,,0.000026,2
,,,0.000028,2
,,,0.00003,2
,,,0.000032,2.2
,,,0.000034,2.2
,,,0.000036,2.2
,,,0.000038,2.4
,,,0.00004,2.4
,,,0.000042,2.4
,,,0.000044,2.4
,,,0.000046,2.4
,,,0.000048,2.6
,,,0.00005,2.6
,,,0.000052,2.6
,,,0.000054,2.6
,,,0.000056,2.6
,,,0.000058,2.8
,,,0.00006,2.8
,,,0.000062,2.8
,,,0.000064,2.8
,,,0.000066,3
,,,0.000068,3
,,,0.00007,3
,,,0.000072,3
,,,0.000074,3.2
,,,0.000076,3.2
,,,0.000078,3.2
,,,0.00008,3.2
,,,0.000082,3.2
,,,0.000084,3.2
,,,0.000086,3.4
,,,0.000088,3.4
,,,0.00009,3.4
,,,0.000092,3.4
,,,0.000094,3.4
,,,0.000096,3.4
,,,0.000098,3.6
,,,0.0001,3.6
,,,0.000102,3.6
,,,0.000104,3.6
,,,0.000106,3.6
,,,0.000108,3.8
,,,0.00011,3.8
,,,0.000112,3.8
,,,0.000114,3.8
,,,0.000116,3.8
,,,0.000118,4
,,,0.00012,4
,,,0.000122,4
,,,0.000124,4
,,,0.000126,4
,,,0.000128,4
,,,0.00013,4
,,,0.000132,4
,,,0.000134,4.2
,,,0.000136,4.2
,,,0.000138,4.2
,,,0.00014,4.2
,,,0.000142,4.2
,,,0.000144,4.2
,,,0.000146,4.2
,,,0.000148,4.2
,,,0.00015,4.4
,,,0.000152,4.4
,,,0.000154,4.4
,,,0.000156,4.4
,,,0.000158,4.4
,,,0.00016,4.4
,,,0.000162,4.4
,,,0.000164,4.4
,,,0.000166,4.4
,,,0.000168,4.6
,,,0.00017,4.4
,,,0.000172,4.6
,,,0.000174,4.6
,,,0.000176,4.6
,,,0.000178,4.6
,,,0.00018,4.8
,,,0.000182,4.6
,,,0.000184,4.8
,,,0.000186,4.8
,,,0.000188,4.8
,,,0.00019,4.6
,,,0.000192,4.8
,,,0.000194,4.8
,,,0.000196,4.6
,,,0.000198,4.6
,,,0.0002,4.8
,,,0.000202,4.6
,,,0.000204,4.6
,,,0.000206,4.4
,,,0.000208,4.6
,,,0.00021,4.4
,,,0.000212,4.6
,,,0.000214,4.4
,,,0.000216,4.6
,,,0.000218,4.4
,,,0.00022,4.6
,,,0.000222,4.4
,,,0.000224,4.4
,,,0.000226,4.4
,,,0.000228,4.4
,,,0.00023,4.4
,,,0.000232,4.4
,,,0.000234,4.2
,,,0.000236,4.2
,,,0.000238,4.2
,,,0.00024,4.2
,,,0.000242,4.2
,,,0.000244,4.2
,,,0.000246,4.2
,,,0.000248,4.2
,,,0.00025,4.2
,,,0.000252,4
,,,0.000254,4
,,,0.000256,4
,,,0.000258,4
,,,0.00026,3.8
,,,0.000262,3.8
,,,0.000264,3.8
,,,0.000266,3.8
,,,0.000268,3.8
,,,0.00027,3.8
,,,0.000272,3.8
,,,0.000274,3.8
,,,0.000276,3.6
,,,0.000278,3.6
,,,0.00028,3.6
,,,0.000282,3.6
,,,0.000284,3.6
,,,0.000286,3.6
,,,0.000288,3.6
,,,0.00029,3.4
,,,0.000292,3.4
,,,0.000294,3.4
,,,0.000296,3.4
,,,0.000298,3.4
,,,0.0003,3.4
,,,0.000302,3.2
,,,0.000304,3.2
,,,0.000306,3.2
,,,0.000308,3
,,,0.00031,3
,,,0.000312,3
,,,0.000314,3
,,,0.000316,3
,,,0.000318,3
,,,0.00032,2.8
,,,0.000322,2.8
,,,0.000324,2.8
,,,0.000326,2.8
,,,0.000328,2.8
,,,0.00033,2.6
,,,0.000332,2.6
,,,0.000334,2.6
,,,0.000336,2.4
,,,0.000338,2.6
,,,0.00034,2.4
,,,0.000342,2.4
,,,0.000344,2.4
,,,0.000346,2.4
,,,0.000348,2.4
,,,0.00035,2.2
,,,0.000352,2.2
,,,0.000354,2.2
,,,0.000356,2
,,,0.000358,2
,,,0.00036,2
,,,0.000362,2
,,,0.000364,1.8
,,,0.000366,1.8
,,,0.000368,1.8
,,,0.00037,1.6
,,,0.000372,1.6
,,,0.000374,1.6
,,,0.000376,1.6
,,,0.000378,1.6
,,,0.00038,1.6
,,,0.000382,1.4
,,,0.000384,1.4
,,,0.000386,1.4
,,,0.000388,1.4
,,,0.00039,1.2
,,,0.000392,1.2
,,,0.000394,1.2
,,,0.000396,1
,,,0.000398,1
,,,0.0004,1
,,,0.000402,1
,,,0.000404,1
,,,0.000406,0.8
,,,0.000408,0.8
,,,0.00041,0.8
,,,0.000412,0.6
,,,0.000414,0.6
,,,0.000416,0.6
,,,0.000418,0.6
,,,0.00042,0.4
,,,0.000422,0.4
,,,0.000424,0.4
,,,0.000426,0.4
,,,0.000428,0.2
,,,0.00043,0.2
,,,0.000432,0.2
,,,0.000434,0.2
,,,0.000436,0
,,,0.000438,0
,,,0.00044,0
,,,0.000442,0
,,,0.000444,0
,,,0.000446,-0.2
,,,0.000448,-0.2
,,,0.00045,-0.2
,,,0.000452,-0.4
,,,0.000454,-0.4
,,,0.000456,-0.6
,,,0.000458,-0.4
,,,0.00046,-0.6
,,,0.000462,-0.6
,,,0.000464,-0.6
,,,0.000466,-0.6
,,,0.000468,-0.8
,,,0.00047,-0.8
,,,0.000472,-0.8
,,,0.000474,-0.8
,,,0.000476,-1
,,,0.000478,-1
,,,0.00048,-1
,,,0.000482,-1.2
,,,0.000484,-1.2
,,,0.000486,-1.2
,,,0.000488,-1.2
,,,0.00049,-1.2
,,,0.000492,-1.4
,,,0.000494,-1.4
,,,0.000496,-1.4
,,,0.000498,-1.4
,,,0.0005,-1.6
,,,0.000502,-1.6
,,,0.000504,-1.6
,,,0.000506,-1.6
,,,0.000508,-1.8
,,,0.00051,-1.8
,,,0.000512,-1.8
,,,0.000514,-1.8
,,,0.000516,-2
,,,0.000518,-2
,,,0.00052,-2
,,,0.000522,-2.2
,,,0.000524,-2
,,,0.000526,-2.2
,,,0.000528,-2.2
,,,0.00053,-2.2
,,,0.000532,-2.2
,,,0.000534,-2.4
,,,0.000536,-2.4
,,,0.000538,-2.6
,,,0.00054,-2.4
,,,0.000542,-2.6
,,,0.000544,-2.6
,,,0.000546,-2.6
,,,0.000548,-2.6
,,,0.00055,-2.6
,,,0.000552,-2.8
,,,0.000554,-2.8
,,,0.000556,-2.8
,,,0.000558,-2.8
,,,0.00056,-3
,,,0.000562,-3
,,,0.000564,-3
,,,0.000566,-3
,,,0.000568,-3.2
,,,0.00057,-3.2
,,,0.000572,-3.2
,,,0.000574,-3.2
,,,0.000576,-3.2
,,,0.000578,-3.2
,,,0.00058,-3.4
,,,0.000582,-3.4
,,,0.000584,-3.4
,,,0.000586,-3.4
,,,0.000588,-3.6
,,,0.00059,-3.4
,,,0.000592,-3.6
,,,0.000594,-3.6
,,,0.000596,-3.6
,,,0.000598,-3.6
,,,0.0006,-3.6
,,,0.000602,-3.8
,,,0.000604,-3.8
,,,0.000606,-3.8
,,,0.000608,-3.8
,,,0.00061,-3.8
,,,0.000612,-3.8
,,,0.000614,-4
,,,0.000616,-4
,,,0.000618,-4.2
,,,0.00062,-4
,,,0.000622,-4
,,,0.000624,-4.2
,,,0.000626,-4.2
,,,0.000628,-4.2
,,,0.00063,-4.2
,,,0.000632,-4.2
,,,0.000634,-4.2
,,,0.000636,-4.4
,,,0.000638,-4.4
,,,0.00064,-4.4
,,,0.000642,-4.4
,,,0.000644,-4.4
,,,0.000646,-4.4
,,,0.000648,-4.6
,,,0.00065,-4.6
,,,0.000652,-4.6
,,,0.000654,-4.6
,,,0.000656,-4.6
,,,0.000658,-4.6
,,,0.00066,-4.6
,,,0.000662,-4.6
,,,0.000664,-4.6
,,,0.000666,-4.6
,,,0.000668,-4.6
,,,0.00067,-4.8
,,,0.000672,-4.8
,,,0.000674,-4.8
,,,0.000676,-4.6
,,,0.000678,-4.8
,,,0.00068,-4.8
,,,0.000682,-4.8
,,,0.000684,-4.8
,,,0.000686,-4.8
,,,0.000688,-4.8
,,,0.00069,-5
,,,0.000692,-5
,,,0.000694,-5
,,,0.000696,-5
,,,0.000698,-5
,,,0.0007,-4.8
,,,0.000702,-4.8
,,,0.000704,-5
,,,0.000706,-5
,,,0.000708,-5
,,,0.00071,-5
,,,0.000712,-5
,,,0.000714,-5
,,,0.000716,-5
,,,0.000718,-5
,,,0.00072,-5
,,,0.000722,-5
,,,0.000724,-5
,,,0.000726,-5
,,,0.000728,-5
,,,0.00073,-5
,,,0.000732,-5
,,,0.000734,-5
,,,0.000736,-5
,,,0.000738,-5
,,,0.00074,-5
,,,0.000742,-5
,,,0.000744,-5
,,,0.000746,-5
,,,0.000748,-5
,,,0.00075,-5
,,,0.000752,-5
,,,0.000754,-5
,,,0.000756,-5
,,,0.000758,-5
,,,0.00076,-5
,,,0.000762,-5
,,,0.000764,-5
,,,0.000766,-5
,,,0.000768,-5
,,,0.00077,-5
,,,0.000772,-4.8
,,,0.000774,-5
,,,0.000776,-5
,,,0.000778,-5
,,,0.00078,-5
,,,0.000782,-5
,,,0.000784,-5
,,,0.000786,-5
,,,0.000788,-4.8
,,,0.00079,-5
,,,0.000792,-5
,,,0.000794,-4.8
,,,0.000796,-5
,,,0.000798,-4.8
,,,0.0008,-4.8
,,,0.000802,-4.8
,,,0.000804,-4.8
,,,0.000806,-4.8
,,,0.000808,-4.8
,,,0.00081,-4.6
,,,0.000812,-4.8
,,,0.000814,-4.8
,,,0.000816,-4.6
,,,0.000818,-4.6
,,,0.00082,-4.6
,,,0.000822,-4.6
,,,0.000824,-4.6
,,,0.000826,-4.6
,,,0.000828,-4.6
,,,0.00083,-4.6
,,,0.000832,-4.6
,,,0.000834,-4.4
,,,0.000836,-4.6
,,,0.000838,-4.4
,,,0.00084,-4.4
,,,0.000842,-4.2
,,,0.000844,-4.4
,,,0.000846,-4.2
,,,0.000848,-4.4
,,,0.00085,-4.2
,,,0.000852,-4.2
,,,0.000854,-4.2
,,,0.000856,-4.2
,,,0.000858,-4.2
,,,0.00086,-4.2
,,,0.000862,-4.2
,,,0.000864,-4
,,,0.000866,-4
,,,0.000868,-3.8
,,,0.00087,-3.8
,,,0.000872,-3.8
,,,0.000874,-3.8
,,,0.000876,-3.8
,,,0.000878,-3.8
,,,0.00088,-3.8
,,,0.000882,-3.6
,,,0.000884,-3.6
,,,0.000886,-3.6
,,,0.000888,-3.6
,,,0.00089,-3.6
,,,0.000892,-3.6
,,,0.000894,-3.4
,,,0.000896,-3.4
,,,0.000898,-3.4
,,,0.0009,-3.4
,,,0.000902,-3.4
,,,0.000904,-3.2
,,,0.000906,-3.2
,,,0.000908,-3.2
,,,0.00091,-3
,,,0.000912,-3
,,,0.000914,-3
,,,0.000916,-3
,,,0.000918,-2.8
,,,0.00092,-2.8
,,,0.000922,-2.8
,,,0.000924,-2.8
,,,0.000926,-2.8
,,,0.000928,-2.8
,,,0.00093,-2.6
,,,0.000932,-2.8
,,,0.000934,-2.6
,,,0.000936,-2.4
,,,0.000938,-2.4
,,,0.00094,-2.4
,,,0.000942,-2.4
,,,0.000944,-2.2
,,,0.000946,-2.2
,,,0.000948,-2.2
,,,0.00095,-2
,,,0.000952,-2
,,,0.000954,-2
,,,0.000956,-2
,,,0.000958,-2
,,,0.00096,-2
,,,0.000962,-2
,,,0.000964,-1.8
,,,0.000966,-1.8
,,,0.000968,-1.8
,,,0.00097,-1.6
,,,0.000972,-1.6
,,,0.000974,-1.6
,,,0.000976,-1.4
,,,0.000978,-1.4
,,,0.00098,-1.4
,,,0.000982,-1.4
,,,0.000984,-1.2
,,,0.000986,-1.2
,,,0.000988,-1.2
,,,0.00099,-1.2
,,,0.000992,-1
,,,0.000994,-1
,,,0.000996,-1
,,,0.000998,-1
,,,0.001,-1
,,,0.001002,-0.8
,,,0.001004,-0.8
,,,0.001006,-0.8
,,,0.001008,-0.6
,,,0.00101,-0.6
,,,0.001012,-0.6
,,,0.001014,-0.6
,,,0.001016,-0.4
,,,0.001018,-0.4
,,,0.00102,-0.4
,,,0.001022,-0.4
,,,0.001024,-0.2
,,,0.001026,-0.2
,,,0.001028,-0.2
,,,0.00103,-0.2
,,,0.001032,0
,,,0.001034,0
,,,0.001036,0
,,,0.001038,0.2
,,,0.00104,0.2
,,,0.001042,0.2
,,,0.001044,0.2
,,,0.001046,0.4
,,,0.001048,0.4
,,,0.00105,0.4
,,,0.001052,0.6
,,,0.001054,0.6
,,,0.001056,0.6
,,,0.001058,0.6
,,,0.00106,0.6
,,,0.001062,0.8
,,,0.001064,0.8
,,,0.001066,1
,,,0.001068,1
,,,0.00107,1
,,,0.001072,1.2
,,,0.001074,1.2
,,,0.001076,1.2
,,,0.001078,1.2
,,,0.00108,1.2
,,,0.001082,1.2
,,,0.001084,1.4
,,,0.001086,1.4
,,,0.001088,1.4
,,,0.00109,1.4
,,,0.001092,1.6
,,,0.001094,1.6
,,,0.001096,1.6
,,,0.001098,1.6
,,,0.0011,1.8
,,,0.001102,1.8
,,,0.001104,1.8
,,,0.001106,2
,,,0.001108,2
,,,0.00111,2
,,,0.001112,2
,,,0.001114,2
,,,0.001116,2.2
,,,0.001118,2.2
,,,0.00112,2.2
,,,0.001122,2.2
,,,0.001124,2.4
,,,0.001126,2.4
,,,0.001128,2.4
,,,0.00113,2.4
,,,0.001132,2.4
,,,0.001134,2.6
,,,0.001136,2.6
,,,0.001138,2.6
,,,0.00114,2.8
,,,0.001142,2.8
,,,0.001144,2.8
,,,0.001146,2.8
,,,0.001148,3
,,,0.00115,3
,,,0.001152,3
,,,0.001154,3
,,,0.001156,3
,,,0.001158,3
,,,0.00116,3.2
,,,0.001162,3
,,,0.001164,3.2
,,,0.001166,3.4
,,,0.001168,3.4
,,,0.00117,3.4
,,,0.001172,3.4
,,,0.001174,3.4
,,,0.001176,3.4
,,,0.001178,3.4
,,,0.00118,3.6
,,,0.001182,3.6
,,,0.001184,3.6
,,,0.001186,3.4
,,,0.001188,3.8
,,,0.00119,3.8
,,,0.001192,3.8
,,,0.001194,3.8
,,,0.001196,3.8
,,,0.001198,3.8
,,,0.0012,3.8
,,,0.001202,4
,,,0.001204,3.8
,,,0.001206,4
,,,0.001208,4
,,,0.00121,4
,,,0.001212,4.2
,,,0.001214,4
,,,0.001216,4.2
,,,0.001218,4.2
,,,0.00122,4.2
,,,0.001222,4.2
,,,0.001224,4.2
,,,0.001226,4.2
,,,0.001228,4.2
,,,0.00123,4.2
,,,0.001232,4.2
,,,0.001234,4.4
,,,0.001236,4.4
,,,0.001238,4.4
,,,0.00124,4.4
,,,0.001242,4.4
,,,0.001244,4.4
,,,0.001246,4.4
,,,0.001248,4.6
,,,0.00125,4.4
,,,0.001252,4.4
,,,0.001254,4.4
,,,0.001256,4.4
,,,0.001258,4.4
,,,0.00126,4.6
,,,0.001262,4.6
,,,0.001264,4.6
,,,0.001266,4.6
,,,0.001268,4.6
,,,0.00127,4.6
,,,0.001272,4.8
,,,0.001274,4.6
,,,0.001276,4.6
,,,0.001278,4.6
,,,0.00128,4.8
,,,0.001282,4.6
,,,0.001284,4.6
,,,0.001286,4.6
,,,0.001288,4.6
,,,0.00129,4.4
,,,0.001292,4.6
,,,0.001294,4.4
,,,0.001296,4.4
,,,0.001298,4.4
,,,0.0013,4.4
,,,0.001302,4.4
,,,0.001304,4.4
,,,0.001306,4.4
,,,0.001308,4.4
,,,0.00131,4.4
,,,0.001312,4.4
,,,0.001314,4.2
,,,0.001316,4.2
,,,0.001318,4.2
,,,0.00132,4.2
,,,0.001322,4.2
,,,0.001324,4.2
,,,0.001326,4.2
,,,0.001328,4.2
,,,0.00133,4
,,,0.001332,4.2
,,,0.001334,4.2
,,,0.001336,4.2
,,,0.001338,4
,,,0.00134,4
,,,0.001342,4
,,,0.001344,3.8
,,,0.001346,4
,,,0.001348,4
,,,0.00135,4
,,,0.001352,3.8
,,,0.001354,3.8
,,,0.001356,3.8
,,,0.001358,3.6
,,,0.00136,3.6
,,,0.001362,3.6
,,,0.001364,3.6
,,,0.001366,3.6
,,,0.001368,3.6
,,,0.00137,3.4
,,,0.001372,3.4
,,,0.001374,3.4
,,,0.001376,3.4
,,,0.001378,3.4
,,,0.00138,3.4
,,,0.001382,3.2
,,,0.001384,3.2
,,,0.001386,3.2
,,,0.001388,3.2
,,,0.00139,3.2
,,,0.001392,3
,,,0.001394,3
,,,0.001396,3
,,,0.001398,3
,,,0.0014,3
,,,0.001402,3
,,,0.001404,2.8
,,,0.001406,3
,,,0.001408,2.8
,,,0.00141,2.8
,,,0.001412,2.6
,,,0.001414,2.6
,,,0.001416,2.6
,,,0.001418,2.6
,,,0.00142,2.6
,,,0.001422,2.4
,,,0.001424,2.4
,,,0.001426,2.4
,,,0.001428,2.4
,,,0.00143,2.2
,,,0.001432,2.2
,,,0.001434,2.2
,,,0.001436,2
,,,0.001438,2.2
,,,0.00144,2.2
,,,0.001442,2
,,,0.001444,2
,,,0.001446,1.8
,,,0.001448,1.8
,,,0.00145,1.8
,,,0.001452,1.8
,,,0.001454,1.8
,,,0.001456,1.8
,,,0.001458,1.6
,,,0.00146,1.6
,,,0.001462,1.6
,,,0.001464,1.4
,,,0.001466,1.4
,,,0.001468,1.4
,,,0.00147,1.2
,,,0.001472,1.2
,,,0.001474,1.2
,,,0.001476,1.2
,,,0.001478,1.2
,,,0.00148,1
,,,0.001482,1
,,,0.001484,1
,,,0.001486,1
,,,0.001488,0.8
,,,0.00149,0.8
,,,0.001492,0.8
,,,0.001494,0.8
,,,0.001496,0.6
,,,0.001498,0.6
,,,0.0015,0.6
,,,0.001502,0.4
,,,0.001504,0.6
,,,0.001506,0.4
,,,0.001508,0.4
,,,0.00151,0.4
,,,0.001512,0.2
,,,0.001514,0.2
,,,0.001516,0.2
,,,0.001518,0.2
,,,0.00152,0.2
,,,0.001522,0
,,,0.001524,0
,,,0.001526,-0.2
,,,0.001528,-0.2
,,,0.00153,-0.2
,,,0.001532,-0.2
,,,0.001534,-0.4
,,,0.001536,-0.4
,,,0.001538,-0.4
,,,0.00154,-0.4
,,,0.001542,-0.6
,,,0.001544,-0.6
,,,0.001546,-0.6
,,,0.001548,-0.8
,,,0.00155,-0.6
,,,0.001552,-0.8
,,,0.001554,-0.8
,,,0.001556,-0.8
,,,0.001558,-1
,,,0.00156,-1
,,,0.001562,-1
,,,0.001564,-1
,,,0.001566,-1
,,,0.001568,-1.2
,,,0.00157,-1.2
,,,0.001572,-1.2
,,,0.001574,-1.2
,,,0.001576,-1.4
,,,0.001578,-1.4
,,,0.00158,-1.4
,,,0.001582,-1.4
,,,0.001584,-1.6
,,,0.001586,-1.6
,,,0.001588,-1.6
,,,0.00159,-1.6
,,,0.001592,-1.8
,,,0.001594,-1.8
,,,0.001596,-1.6
,,,0.001598,-2
,,,0.0016,-2
,,,0.001602,-2
,,,0.001604,-2
,,,0.001606,-2
,,,0.001608,-2.2
,,,0.00161,-2.2
,,,0.001612,-2.2
,,,0.001614,-2.2
,,,0.001616,-2.2
,,,0.001618,-2.4
,,,0.00162,-2.4
,,,0.001622,-2.4
,,,0.001624,-2.6
,,,0.001626,-2.4
,,,0.001628,-2.6
,,,0.00163,-2.6
,,,0.001632,-2.6
,,,0.001634,-2.6
,,,0.001636,-2.8
,,,0.001638,-2.8
,,,0.00164,-2.8
,,,0.001642,-2.8
,,,0.001644,-3
,,,0.001646,-3
,,,0.001648,-3
,,,0.00165,-3
,,,0.001652,-3
,,,0.001654,-3
,,,0.001656,-3.2
,,,0.001658,-3.2
,,,0.00166,-3.2
,,,0.001662,-3.2
,,,0.001664,-3.4
,,,0.001666,-3.4
,,,0.001668,-3.4
,,,0.00167,-3.4
,,,0.001672,-3.4
,,,0.001674,-3.6
,,,0.001676,-3.6
,,,0.001678,-3.6
,,,0.00168,-3.6
,,,0.001682,-3.6
,,,0.001684,-3.6
,,,0.001686,-3.6
,,,0.001688,-3.8
,,,0.00169,-3.8
,,,0.001692,-3.8
,,,0.001694,-3.8
,,,0.001696,-3.8
,,,0.001698,-3.8
,,,0.0017,-4
,,,0.001702,-4
,,,0.001704,-4
,,,0.001706,-4.2
,,,0.001708,-4.2
,,,0.00171,-4.2
,,,0.001712,-4.2
,,,0.001714,-4.2
,,,0.001716,-4.2
,,,0.001718,-4.4
,,,0.00172,-4.4
,,,0.001722,-4.4
,,,0.001724,-4.4
,,,0.001726,-4.4
,,,0.001728,-4.4
,,,0.00173,-4.4
,,,0.001732,-4.6
,,,0.001734,-4.6
,,,0.001736,-4.6
,,,0.001738,-4.4
,,,0.00174,-4.6
,,,0.001742,-4.6
,,,0.001744,-4.6
,,,0.001746,-4.6
,,,0.001748,-4.6
,,,0.00175,-4.6
,,,0.001752,-4.8
,,,0.001754,-4.6
,,,0.001756,-4.8
,,,0.001758,-4.8
,,,0.00176,-4.8
,,,0.001762,-4.8
,,,0.001764,-4.8
,,,0.001766,-4.8
,,,0.001768,-4.8
,,,0.00177,-4.8
,,,0.001772,-4.8
,,,0.001774,-4.8
,,,0.001776,-5
,,,0.001778,-5
,,,0.00178,-4.8
,,,0.001782,-5
,,,0.001784,-5
,,,0.001786,-4.8
,,,0.001788,-5
,,,0.00179,-5
,,,0.001792,-5
,,,0.001794,-5
,,,0.001796,-5
,,,0.001798,-5
,,,0.0018,-5
,,,0.001802,-5
,,,0.001804,-5
,,,0.001806,-5
,,,0.001808,-5
,,,0.00181,-5
,,,0.001812,-5
,,,0.001814,-5
,,,0.001816,-5
,,,0.001818,-5
,,,0.00182,-5
,,,0.001822,-5
,,,0.001824,-5
,,,0.001826,-5
,,,0.001828,-5
,,,0.00183,-5
,,,0.001832,-5
,,,0.001834,-5
,,,0.001836,-5
,,,0.001838,-5
,,,0.00184,-5
,,,0.001842,-5
,,,0.001844,-5
,,,0.001846,-5
,,,0.001848,-5
,,,0.00185,-5
,,,0.001852,-5
,,,0.001854,-5
,,,0.001856,-5
,,,0.001858,-5
,,,0.00186,-5
,,,0.001862,-5
,,,0.001864,-5
,,,0.001866,-5
,,,0.001868,-5
,,,0.00187,-5
,,,0.001872,-4.8
,,,0.001874,-5
,,,0.001876,-5
,,,0.001878,-4.8
,,,0.00188,-4.8
,,,0.001882,-4.8
,,,0.001884,-4.8
,,,0.001886,-4.8
,,,0.001888,-4.8
,,,0.00189,-4.8
,,,0.001892,-4.8
,,,0.001894,-4.8
,,,0.001896,-4.6
,,,0.001898,-4.8
,,,0.0019,-4.8
,,,0.001902,-4.6
,,,0.001904,-4.6
,,,0.001906,-4.6
,,,0.001908,-4.6
,,,0.00191,-4.6
,,,0.001912,-4.6
,,,0.001914,-4.6
,,,0.001916,-4.6
,,,0.001918,-4.4
,,,0.00192,-4.4
,,,0.001922,-4.4
,,,0.001924,-4.4
,,,0.001926,-4.4
,,,0.001928,-4.4
,,,0.00193,-4.2
,,,0.001932,-4.4
,,,0.001934,-4.2
,,,0.001936,-4.2
,,,0.001938,-4.2
,,,0.00194,-4
,,,0.001942,-4.2
,,,0.001944,-4.2
,,,0.001946,-4
,,,0.001948,-4
,,,0.00195,-4
,,,0.001952,-4
,,,0.001954,-3.8
,,,0.001956,-3.8
,,,0.001958,-3.8
,,,0.00196,-3.8
,,,0.001962,-3.8
,,,0.001964,-3.6
,,,0.001966,-3.6
,,,0.001968,-3.6
,,,0.00197,-3.6
,,,0.001972,-3.6
,,,0.001974,-3.6
,,,0.001976,-3.4
,,,0.001978,-3.4
,,,0.00198,-3.4
,,,0.001982,-3.4
,,,0.001984,-3.4
,,,0.001986,-3.2
,,,0.001988,-3.2
,,,0.00199,-3.2
,,,0.001992,-3
,,,0.001994,-3
,,,0.001996,-3
,,,0.001998,-3
,,,0.002,-3
,,,0.002002,-2.8
,,,0.002004,-2.8
,,,0.002006,-2.8
,,,0.002008,-2.8
,,,0.00201,-2.8
,,,0.002012,-2.8
,,,0.002014,-2.6
,,,0.002016,-2.6
,,,0.002018,-2.6
,,,0.00202,-2.6
,,,0.002022,-2.4
,,,0.002024,-2.4
,,,0.002026,-2.4
,,,0.002028,-2.4
,,,0.00203,-2.4
,,,0.002032,-2.2
,,,0.002034,-2.2
,,,0.002036,-2.2
,,,0.002038,-2
,,,0.00204,-2
,,,0.002042,-2
,,,0.002044,-2
,,,0.002046,-1.8
,,,0.002048,-1.8
,,,0.00205,-1.8
,,,0.002052,-1.6
,,,0.002054,-1.6
,,,0.002056,-1.6
,,,0.002058,-1.6
,,,0.00206,-1.4
,,,0.002062,-1.4
,,,0.002064,-1.4
,,,0.002066,-1.4
,,,0.002068,-1.2
,,,0.00207,-1.2
,,,0.002072,-1.2
,,,0.002074,-1
,,,0.002076,-1
,,,0.002078,-1
,,,0.00208,-1
,,,0.002082,-1
,,,0.002084,-1
,,,0.002086,-0.8
,,,0.002088,-0.8
,,,0.00209,-0.8
,,,0.002092,-0.6
,,,0.002094,-0.6
,,,0.002096,-0.6
,,,0.002098,-0.6
,,,0.0021,-0.4
,,,0.002102,-0.4
,,,0.002104,-0.4
,,,0.002106,-0.2
,,,0.002108,-0.2
,,,0.00211,-0.2
,,,0.002112,-0.2
,,,0.002114,-0.2
,,,0.002116,0
,,,0.002118,0
,,,0.00212,0.2
,,,0.002122,0.2
,,,0.002124,0.2
,,,0.002126,0.2
,,,0.002128,0.2
,,,0.00213,0.4
,,,0.002132,0.6
,,,0.002134,0.4
,,,0.002136,0.6
,,,0.002138,0.6
,,,0.00214,0.6
,,,0.002142,0.6
,,,0.002144,0.8
,,,0.002146,0.8
,,,0.002148,0.8
,,,0.00215,0.8
,,,0.002152,1
,,,0.002154,1
,,,0.002156,1.2
,,,0.002158,1
,,,0.00216,1.2
,,,0.002162,1.2
,,,0.002164,1.2
,,,0.002166,1.2
,,,0.002168,1.4
,,,0.00217,1.4
,,,0.002172,1.4
,,,0.002174,1.6
,,,0.002176,1.6
,,,0.002178,1.6
,,,0.00218,1.6
,,,0.002182,1.8
,,,0.002184,1.8
,,,0.002186,1.8
,,,0.002188,1.8
,,,0.00219,2
,,,0.002192,2
,,,0.002194,2
,,,0.002196,2
,,,0.002198,2
,,,0.0022,2.2
,,,0.002202,2.2
,,,0.002204,2.2
,,,0.002206,2.4
,,,0.002208,2.4
,,,0.00221,2.4
,,,0.002212,2.4
,,,0.002214,2.4
,,,0.002216,2.6
,,,0.002218,2.6
,,,0.00222,2.6
,,,0.002222,2.8
,,,0.002224,2.8
,,,0.002226,2.8
,,,0.002228,2.8
,,,0.00223,3
,,,0.002232,3
,,,0.002234,3
,,,0.002236,3
,,,0.002238,3
,,,0.00224,3
,,,0.002242,3
,,,0.002244,3.2
,,,0.002246,3.2
,,,0.002248,3.2
,,,0.00225,3.2
,,,0.002252,3.2
,,,0.002254,3.4
,,,0.002256,3.4
,,,0.002258,3.4
,,,0.00226,3.4
,,,0.002262,3.4
,,,0.002264,3.6
,,,0.002266,3.6
,,,0.002268,3.6
,,,0.00227,3.6
,,,0.002272,3.6
,,,0.002274,3.6
,,,0.002276,3.8
,,,0.002278,3.8
,,,0.00228,3.8
,,,0.002282,3.8
,,,0.002284,3.8
,,,0.002286,4
,,,0.002288,4
,,,0.00229,4
,,,0.002292,4
,,,0.002294,4
,,,0.002296,4
,,,0.002298,4
,,,0.0023,4.2
,,,0.002302,4.2
,,,0.002304,4.2
,,,0.002306,4.2
,,,0.002308,4.2
,,,0.00231,4.2
,,,0.002312,4.2
,,,0.002314,4.4
,,,0.002316,4.2
,,,0.002318,4.4
,,,0.00232,4.4
,,,0.002322,4.4
,,,0.002324,4.4
,,,0.002326,4.4
,,,0.002328,4.4
,,,0.00233,4.4
,,,0.002332,4.4
,,,0.002334,4.4
,,,0.002336,4.6
,,,0.002338,4.4
,,,0.00234,4.6
,,,0.002342,4.4
,,,0.002344,4.6
,,,0.002346,4.6
,,,0.002348,4.6
,,,0.00235,4.6
,,,0.002352,4.6
,,,0.002354,4.6
,,,0.002356,4.8
,,,0.002358,4.8
,,,0.00236,4.6
,,,0.002362,4.8
,,,0.002364,4.6
,,,0.002366,4.6
,,,0.002368,4.6
,,,0.00237,4.6
,,,0.002372,4.6
,,,0.002374,4.6
,,,0.002376,4.4
,,,0.002378,4.4
,,,0.00238,4.6
,,,0.002382,4.4
,,,0.002384,4.6
,,,0.002386,4.4
,,,0.002388,4.4
,,,0.00239,4.4
,,,0.002392,4.4
,,,0.002394,4.2
,,,0.002396,4.4
,,,0.002398,4.4
,,,0.0024,4.4
,,,0.002402,4.2
,,,0.002404,4.4
,,,0.002406,4.2
,,,0.002408,4.2
,,,0.00241,4.2
,,,0.002412,4.2
,,,0.002414,4
,,,0.002416,4.2
,,,0.002418,4
,,,0.00242,4
,,,0.002422,4
,,,0.002424,4
,,,0.002426,4
,,,0.002428,3.8
,,,0.00243,3.8
,,,0.002432,3.8
,,,0.002434,3.8
,,,0.002436,3.8
,,,0.002438,3.8
,,,0.00244,3.6
,,,0.002442,3.8
,,,0.002444,3.6
,,,0.002446,3.6
,,,0.002448,3.6
,,,0.00245,3.6
,,,0.002452,3.6
,,,0.002454,3.4
,,,0.002456,3.6
,,,0.002458,3.4
,,,0.00246,3.4
,,,0.002462,3.4
,,,0.002464,3.4
,,,0.002466,3.2
,,,0.002468,3.2
,,,0.00247,3.2
,,,0.002472,3
,,,0.002474,3.2
,,,0.002476,3
,,,0.002478,3
,,,0.00248,3
,,,0.002482,3
,,,0.002484,3
,,,0.002486,3
,,,0.002488,2.8
,,,0.00249,3
,,,0.002492,2.8
,,,0.002494,2.8
,,,0.002496,2.8
,,,0.002498,2.6
